id,userName,fullName,profilePicUrl,isVerified
56761316923,gwh_intl_confessions,Greenwood High International School Bangalore | Confessions,https://instagram.fblr1-4.fna.fbcdn.net/v/t51.2885-19/317613089_1562491137600812_181474445284102049_n.jpg?stp=dst-jpg_s150x150&_nc_ht=instagram.fblr1-4.fna.fbcdn.net&_nc_cat=108&_nc_ohc=dB01YNz9tjIAX-x_11I&edm=AOG-cTkBAAAA&ccb=7-5&oh=00_AfBaObBOgJdbT_LK28UDD9oWMn0Kf_V3MXDUaknByqMiMg&oe=638F7B0D&_nc_sid=282b66,false
55560590776,roseyfinds_thrift,,https://instagram.fblr1-3.fna.fbcdn.net/v/t51.2885-19/317205023_666589748277717_3119466381042916598_n.jpg?stp=dst-jpg_s150x150&_nc_ht=instagram.fblr1-3.fna.fbcdn.net&_nc_cat=109&_nc_ohc=7yXh1qMrP2EAX-mWUIB&edm=AOG-cTkBAAAA&ccb=7-5&oh=00_AfC1plaRLP8POaiD6lGOqNH1ZdHPKLGkeafNZdJ7ZVNxRg&oe=638FB7CB&_nc_sid=282b66,false
52876710180,shinobionsukuna,Áøî ‡•ê ‚ú®,https://instagram.fblr1-6.fna.fbcdn.net/v/t51.2885-19/313121275_430136555862434_9047705424723050990_n.jpg?stp=dst-jpg_s150x150&_nc_ht=instagram.fblr1-6.fna.fbcdn.net&_nc_cat=102&_nc_ohc=bDRc2fkmNPgAX8i0NBE&edm=AOG-cTkBAAAA&ccb=7-5&oh=00_AfCb28bt0dC7xUBlG9pSGIfi5OwGQNtr6g40dA9e3jphHg&oe=638E63AD&_nc_sid=282b66,false
56590828340,yourfavty_78,,https://instagram.fblr1-6.fna.fbcdn.net/v/t51.2885-19/317378330_642795700975370_6969414317323007738_n.jpg?stp=dst-jpg_s150x150&_nc_ht=instagram.fblr1-6.fna.fbcdn.net&_nc_cat=102&_nc_ohc=PvpR30A9VvMAX-fOXDX&edm=AOG-cTkBAAAA&ccb=7-5&oh=00_AfAkS2rAfucPi0FdhwtbMjRuaXExv-aBMdUDN3DYkVMt8w&oe=638F3D2E&_nc_sid=282b66,false
56482159997,siyaa_2694,Siya,https://instagram.fblr1-5.fna.fbcdn.net/v/t51.2885-19/317192702_638638538009423_5917999187907785670_n.jpg?stp=dst-jpg_s150x150&_nc_ht=instagram.fblr1-5.fna.fbcdn.net&_nc_cat=111&_nc_ohc=6QLZXp0fEJwAX-bvD-M&edm=AOG-cTkBAAAA&ccb=7-5&oh=00_AfA1xq9DvmzVWgA1FOMK3P3w_bh3z8L01kVV3sAAQtKFpg&oe=638FFC6B&_nc_sid=282b66,false
45491178321,srey_562,Sreyansh auddy,https://instagram.fblr1-5.fna.fbcdn.net/v/t51.2885-19/316361029_834093711152127_361268776213684577_n.jpg?stp=dst-jpg_s150x150&_nc_ht=instagram.fblr1-5.fna.fbcdn.net&_nc_cat=103&_nc_ohc=UlrYBC-GlMEAX_CkITo&edm=AOG-cTkBAAAA&ccb=7-5&oh=00_AfDsNA9IYfyOhVSH30cPzBf0-hKWCQUZYWccH6r8HzS2jQ&oe=638EFBE7&_nc_sid=282b66,false
55594225573,madhavi_namjoshi,Madhavi_ namjoshi,https://instagram.fblr1-5.fna.fbcdn.net/v/t51.2885-19/309473173_2187831824717494_2732068635061265600_n.jpg?stp=dst-jpg_s150x150&_nc_ht=instagram.fblr1-5.fna.fbcdn.net&_nc_cat=110&_nc_ohc=OxeEpgIOumgAX8gJ4Ml&edm=AOG-cTkBAAAA&ccb=7-5&oh=00_AfAjcjVdIhUV8WP9Em1LVxdbbbwheqqYEkJ_TNP8OV9Nwg&oe=638F1A30&_nc_sid=282b66,false
52741801021,_niharika_jh_,Niharika,https://instagram.fbom3-2.fna.fbcdn.net/v/t51.2885-19/44884218_345707102882519_2446069589734326272_n.jpg?_nc_ht=instagram.fbom3-2.fna.fbcdn.net&_nc_cat=1&_nc_ohc=v6hG0j-H7LQAX_7jSTo&edm=AEsR1pMBAAAA&ccb=7-5&ig_cache_key=YW5vbnltb3VzX3Byb2ZpbGVfcGlj.2-ccb7-5&oh=00_AfBgK5Eg10RVc-0fisSvXD9_fbsJfOswJJq5L2H044nlig&oe=638EA58F&_nc_sid=3f45ac,false
56704917661,navya_mehrotra____,Navya Mehrotra,https://instagram.fblr1-6.fna.fbcdn.net/v/t51.2885-19/317170963_554189069817976_2936164088909443619_n.jpg?stp=dst-jpg_s150x150&_nc_ht=instagram.fblr1-6.fna.fbcdn.net&_nc_cat=104&_nc_ohc=JjcbIS8MZ2IAX_AkIh7&edm=AOG-cTkBAAAA&ccb=7-5&oh=00_AfBJ0h3VSeTt6BSOM8LuWxF7DUgJ4JMo89JIwGdpfJZilg&oe=638FE928&_nc_sid=282b66,false
45624952596,_.d1xnaa,,https://instagram.fblr1-6.fna.fbcdn.net/v/t51.2885-19/315472709_1349950372444420_424453994187718626_n.jpg?stp=dst-jpg_s150x150&_nc_ht=instagram.fblr1-6.fna.fbcdn.net&_nc_cat=104&_nc_ohc=OQ7EEuhBZmAAX8z9xhF&edm=AOG-cTkBAAAA&ccb=7-5&oh=00_AfBQk5_KKCJEH-4_orzgiMlsPlVCJV5Vy_apevopHwkA9w&oe=638E6496&_nc_sid=282b66,false
52221217912,itsanokiii,Anushka,https://instagram.fblr1-5.fna.fbcdn.net/v/t51.2885-19/315450663_159347506792882_6364330009356882231_n.jpg?stp=dst-jpg_s150x150&_nc_ht=instagram.fblr1-5.fna.fbcdn.net&_nc_cat=110&_nc_ohc=r7fbkGfsnzsAX813U7T&edm=AOG-cTkBAAAA&ccb=7-5&oh=00_AfC1fjNugJtm4szvfXbi0ESfsVvUC1DcCs4f5gfUZ-7iIw&oe=638E9C38&_nc_sid=282b66,false
56371540961,annastarshopping5,Anna Star Shopping üéÄ,https://instagram.fblr1-5.fna.fbcdn.net/v/t51.2885-19/316993211_2170279999826818_9083804467575843536_n.jpg?stp=dst-jpg_s150x150&_nc_ht=instagram.fblr1-5.fna.fbcdn.net&_nc_cat=110&_nc_ohc=0NU-YgHvkiQAX-DQD9N&edm=AOG-cTkBAAAA&ccb=7-5&oh=00_AfBFylXdqkXXxNG-FRIwiGzm-ncdchZ84dU1W9trcwznzg&oe=638F5AB9&_nc_sid=282b66,false
49476672810,aditya_qxa,Aditya.D,https://instagram.fblr1-6.fna.fbcdn.net/v/t51.2885-19/313292475_5931239906886004_3674326785908285565_n.jpg?stp=dst-jpg_s150x150&_nc_ht=instagram.fblr1-6.fna.fbcdn.net&_nc_cat=104&_nc_ohc=2Lret6geap8AX_SRV5B&edm=AOG-cTkBAAAA&ccb=7-5&oh=00_AfCI8Ibd_Bfng42Vvs_N-Oo-Z5y6IkKcGQH4RX5WVQOoqg&oe=638E2658&_nc_sid=282b66,false
56732794870,saanvi_bansal79,Saanvi,https://instagram.fblr1-6.fna.fbcdn.net/v/t51.2885-19/316469848_3368160986757892_8219276726845573207_n.jpg?stp=dst-jpg_s150x150&_nc_ht=instagram.fblr1-6.fna.fbcdn.net&_nc_cat=104&_nc_ohc=qg4TCzaTFhkAX-DbmAZ&edm=AOG-cTkBAAAA&ccb=7-5&oh=00_AfCv7lMVAyHc3tlWuJHdMtmpJ5Nj5Q7jgd1jKcSk0YqM1g&oe=638EFED6&_nc_sid=282b66,false
4026440445,jananiprabakaran,ùê£ùêöùêßùêöùêßùê¢ „Ç∑Ô∏é,https://instagram.fblr1-7.fna.fbcdn.net/v/t51.2885-19/278798761_1159679794799275_2825120130924125486_n.jpg?stp=dst-jpg_s150x150&_nc_ht=instagram.fblr1-7.fna.fbcdn.net&_nc_cat=107&_nc_ohc=JhW6sQWf-AAAX_ynMvt&tn=--Ge7KL69NO6cS5R&edm=AOG-cTkBAAAA&ccb=7-5&oh=00_AfDspDPuLE1M63SJ6W8KETqjjPK4I_HUhxzMiDz1d14aSA&oe=638E1651&_nc_sid=282b66,false
8884463758,dylan_3314,Dylan,https://instagram.fblr1-6.fna.fbcdn.net/v/t51.2885-19/196378554_331866168340312_5562486576725493_n.jpg?stp=dst-jpg_s150x150&_nc_ht=instagram.fblr1-6.fna.fbcdn.net&_nc_cat=104&_nc_ohc=MWoEskHARIkAX_LFABS&edm=AOG-cTkBAAAA&ccb=7-5&oh=00_AfDUojnqRQ0vhRn4fnekI6QZxkzRBaTCC1gaismi6Qs_VQ&oe=638E522B&_nc_sid=282b66,false
49351743523,angelbhasin03,Angel ‚ú®,https://instagram.fbom3-2.fna.fbcdn.net/v/t51.2885-19/44884218_345707102882519_2446069589734326272_n.jpg?_nc_ht=instagram.fbom3-2.fna.fbcdn.net&_nc_cat=1&_nc_ohc=v6hG0j-H7LQAX_7jSTo&edm=AEsR1pMBAAAA&ccb=7-5&ig_cache_key=YW5vbnltb3VzX3Byb2ZpbGVfcGlj.2-ccb7-5&oh=00_AfBgK5Eg10RVc-0fisSvXD9_fbsJfOswJJq5L2H044nlig&oe=638EA58F&_nc_sid=3f45ac,false
56437846787,diya_raizada10,Diya,https://instagram.fblr1-3.fna.fbcdn.net/v/t51.2885-19/315740951_849036286283205_907023912659181588_n.jpg?stp=dst-jpg_s150x150&_nc_ht=instagram.fblr1-3.fna.fbcdn.net&_nc_cat=109&_nc_ohc=TXUYVSqY_CoAX-VcWZ1&edm=AOG-cTkBAAAA&ccb=7-5&oh=00_AfARH3X9lO0_Tp3P1SGg8DCq1y5ML8_VOCndzLKuMnkIFw&oe=638EACE8&_nc_sid=282b66,false
54639501341,dhanyaa_1988,Dhanya,https://instagram.fblr1-7.fna.fbcdn.net/v/t51.2885-19/316714113_797196204710449_4301759745807019003_n.jpg?stp=dst-jpg_s150x150&_nc_ht=instagram.fblr1-7.fna.fbcdn.net&_nc_cat=101&_nc_ohc=qni9LOO8-cMAX-mPwlj&edm=AOG-cTkBAAAA&ccb=7-5&oh=00_AfDX2_pPsmwSf7s-aLx62pIpuuFXUxq16TrquASkjULXuw&oe=638E2A63&_nc_sid=282b66,false
46625604486,ritisha.145,ùëπùíäùíïùíäùíîùíâùíÇ,https://instagram.fblr1-5.fna.fbcdn.net/v/t51.2885-19/310856383_624156529195031_6933371294690051713_n.jpg?stp=dst-jpg_s150x150&_nc_ht=instagram.fblr1-5.fna.fbcdn.net&_nc_cat=111&_nc_ohc=mkRbN86CeV8AX_Dx9RE&edm=AOG-cTkBAAAA&ccb=7-5&oh=00_AfCwANsC__up7a6caBSkXsaDSCUjW2MwAcKeHjt0Nzz4nw&oe=638EDDA8&_nc_sid=282b66,false
56007165558,add_a_little_bit_of_spice_,~isha~,https://instagram.fblr1-6.fna.fbcdn.net/v/t51.2885-19/313626524_504343898072860_5344246709825703230_n.jpg?stp=dst-jpg_s150x150&_nc_ht=instagram.fblr1-6.fna.fbcdn.net&_nc_cat=104&_nc_ohc=qYeZF5eRpXoAX_wtBv3&edm=AOG-cTkBAAAA&ccb=7-5&oh=00_AfDeQ4yWuhg08d9gIlLzp1fM3u_M7UIwO4EtGBKlpNr4ag&oe=638E4F50&_nc_sid=282b66,false
39482498947,ghosh_25601,ghosh,https://instagram.fblr1-6.fna.fbcdn.net/v/t51.2885-19/314496022_1249005842330748_8339916519348256301_n.jpg?stp=dst-jpg_s150x150&_nc_ht=instagram.fblr1-6.fna.fbcdn.net&_nc_cat=100&_nc_ohc=xJIMsMY0nAAAX_6jkp3&tn=--Ge7KL69NO6cS5R&edm=AOG-cTkBAAAA&ccb=7-5&oh=00_AfAJmQ5pW-us92_OMhoDebimef1FMZN8y1N4lYOROdM7gA&oe=638F4684&_nc_sid=282b66,false
3674844202,ashwinigmr,Ashwini G Reddy,https://instagram.fblr1-5.fna.fbcdn.net/v/t51.2885-19/313911528_1141190556781799_5687939818216498801_n.jpg?stp=dst-jpg_s150x150&_nc_ht=instagram.fblr1-5.fna.fbcdn.net&_nc_cat=111&_nc_ohc=aWZuaDMkvO8AX9zOmQV&edm=AOG-cTkBAAAA&ccb=7-5&oh=00_AfB752CWItT8-aTqdgSwdT7NkXgjIZHpLfgAjOMyxpBesw&oe=638ED286&_nc_sid=282b66,false
50828316001,farhaan_ubaid0307,Farhaan Ubaid,https://instagram.fblr1-6.fna.fbcdn.net/v/t51.2885-19/271072038_1495700857553184_8180902225801520789_n.jpg?stp=dst-jpg_s150x150&_nc_ht=instagram.fblr1-6.fna.fbcdn.net&_nc_cat=100&_nc_ohc=6vValPRalMEAX9u4PKo&edm=AOG-cTkBAAAA&ccb=7-5&oh=00_AfBLEVRJJclE3QhR28rYe79fKI918vnhaabHLWS02A2v9A&oe=638E759C&_nc_sid=282b66,false
36162710879,neethurajashekarreddy,Neethu Reddy,https://instagram.fblr1-3.fna.fbcdn.net/v/t51.2885-19/310321750_193955786407737_4940629070098117018_n.jpg?stp=dst-jpg_s150x150&_nc_ht=instagram.fblr1-3.fna.fbcdn.net&_nc_cat=109&_nc_ohc=kHxzrLt9SjsAX9iOKvM&edm=AOG-cTkBAAAA&ccb=7-5&oh=00_AfAv_kPMGE8a-jsmjFCFk5dIwtznI2tcE-NvWQK9NzYrJA&oe=638FDE68&_nc_sid=282b66,false
44363933068,devansh.upadhyay_3030,Devansh,https://instagram.fbom3-2.fna.fbcdn.net/v/t51.2885-19/44884218_345707102882519_2446069589734326272_n.jpg?_nc_ht=instagram.fbom3-2.fna.fbcdn.net&_nc_cat=1&_nc_ohc=v6hG0j-H7LQAX_7jSTo&edm=AEsR1pMBAAAA&ccb=7-5&ig_cache_key=YW5vbnltb3VzX3Byb2ZpbGVfcGlj.2-ccb7-5&oh=00_AfBgK5Eg10RVc-0fisSvXD9_fbsJfOswJJq5L2H044nlig&oe=638EA58F&_nc_sid=3f45ac,false
56719760168,advaitreddy8919,advaitreddy8919,https://instagram.fblr1-6.fna.fbcdn.net/v/t51.2885-19/316323310_143907995065804_1919338081720859605_n.jpg?stp=dst-jpg_s150x150&_nc_ht=instagram.fblr1-6.fna.fbcdn.net&_nc_cat=104&_nc_ohc=6Op5A56dVVoAX_ENI9K&edm=AOG-cTkBAAAA&ccb=7-5&oh=00_AfBslpDoo50I4wwiHKplGyCGxwAKwAHtmORsSaQhH8mgSQ&oe=638F3D70&_nc_sid=282b66,false
56656230399,you_know_whooxx,,https://instagram.fbom3-2.fna.fbcdn.net/v/t51.2885-19/44884218_345707102882519_2446069589734326272_n.jpg?_nc_ht=instagram.fbom3-2.fna.fbcdn.net&_nc_cat=1&_nc_ohc=v6hG0j-H7LQAX_7jSTo&edm=AEsR1pMBAAAA&ccb=7-5&ig_cache_key=YW5vbnltb3VzX3Byb2ZpbGVfcGlj.2-ccb7-5&oh=00_AfBgK5Eg10RVc-0fisSvXD9_fbsJfOswJJq5L2H044nlig&oe=638EA58F&_nc_sid=3f45ac,false
51318027730,ellniewashere,,https://instagram.fblr1-6.fna.fbcdn.net/v/t51.2885-19/315103682_1201568693760708_7064766359698623435_n.jpg?stp=dst-jpg_s150x150&_nc_ht=instagram.fblr1-6.fna.fbcdn.net&_nc_cat=100&_nc_ohc=9rFHjQCWtVwAX_UTq9s&edm=AOG-cTkBAAAA&ccb=7-5&oh=00_AfCEWAXGz9-DLyCkhn04DJjcJc8cDy9MvnkISX4rYjct6w&oe=638E72BF&_nc_sid=282b66,false
50193716113,nashitahalim,nashi,https://instagram.fblr1-4.fna.fbcdn.net/v/t51.2885-19/311146472_1146319805962181_7097676455556230530_n.jpg?stp=dst-jpg_s150x150&_nc_ht=instagram.fblr1-4.fna.fbcdn.net&_nc_cat=105&_nc_ohc=YHtDXxBnvrIAX8QtbGj&edm=AOG-cTkBAAAA&ccb=7-5&oh=00_AfDVvbiB6u2WPzFj7czDL2W_K5epU02i74PrkdEsdLYezA&oe=638EBBA4&_nc_sid=282b66,false
56108342685,madhuma.designs,Madhuma Designs,https://instagram.fblr1-6.fna.fbcdn.net/v/t51.2885-19/313371504_864296311596484_1784234584812658790_n.jpg?stp=dst-jpg_s150x150&_nc_ht=instagram.fblr1-6.fna.fbcdn.net&_nc_cat=104&_nc_ohc=wEHncvEnMZwAX8otmfP&edm=AOG-cTkBAAAA&ccb=7-5&oh=00_AfBPgh8PA_GF0nP6mXfSqH0bUwhRJajec85Xa34wsUDpyA&oe=638F919B&_nc_sid=282b66,false
1908530045,_owngalaxy,Galaxy,https://instagram.fblr1-5.fna.fbcdn.net/v/t51.2885-19/308116080_137432112340139_407122770936435439_n.jpg?stp=dst-jpg_s150x150&_nc_ht=instagram.fblr1-5.fna.fbcdn.net&_nc_cat=111&_nc_ohc=WyuZXifM9ZMAX-PuXtg&edm=AOG-cTkBAAAA&ccb=7-5&oh=00_AfDa0EqqM69cIrirjE5Q9BoHn-Jrbc7f5IO5a9kdaPDpSQ&oe=638EC553&_nc_sid=282b66,false
44037625778,anounymous_user_6969,,https://instagram.fblr1-5.fna.fbcdn.net/v/t51.2885-19/301048790_131164779630490_2536823847543782670_n.jpg?stp=dst-jpg_s150x150&_nc_ht=instagram.fblr1-5.fna.fbcdn.net&_nc_cat=110&_nc_ohc=ZqrHmlOrZN0AX-2V6gH&edm=AOG-cTkBAAAA&ccb=7-5&oh=00_AfAmuON8FK_JaiUv0THE1mV3qh4q4sIKiwA-9Q0Q8nQ1qg&oe=638E9493&_nc_sid=282b66,false
46561351689,salomi_sen,salomi sen,https://instagram.fblr1-5.fna.fbcdn.net/v/t51.2885-19/286420813_159913613200611_3022927375392185724_n.jpg?stp=dst-jpg_s150x150&_nc_ht=instagram.fblr1-5.fna.fbcdn.net&_nc_cat=103&_nc_ohc=EWf3MJN1fCUAX_pAjNl&edm=AOG-cTkBAAAA&ccb=7-5&oh=00_AfDLF3riizhk0wp5gk5_6DIB3jVuli5mf4RU3uAISzG4Sw&oe=638E700B&_nc_sid=282b66,false
56643788475,paidspammer_sai,Sai Shubhaam Sanghi,https://instagram.fblr1-5.fna.fbcdn.net/v/t51.2885-19/313997089_1264738697431414_2384630806028542914_n.jpg?stp=dst-jpg_s150x150&_nc_ht=instagram.fblr1-5.fna.fbcdn.net&_nc_cat=110&_nc_ohc=RtH0KEdKrVAAX8TOYBo&edm=AOG-cTkBAAAA&ccb=7-5&oh=00_AfByrfNo-fOGjzg9tJwfLA8iqnt0C6Vtz3ZbP9iR556sLQ&oe=638F55DF&_nc_sid=282b66,false
56104999492,na_yan6933,nayana,https://instagram.fblr1-7.fna.fbcdn.net/v/t51.2885-19/313856996_828684141610837_7647853118009454840_n.jpg?stp=dst-jpg_s150x150&_nc_ht=instagram.fblr1-7.fna.fbcdn.net&_nc_cat=101&_nc_ohc=WEe93mQbUcAAX998PDk&edm=AOG-cTkBAAAA&ccb=7-5&oh=00_AfBWRQzUwWZCvQPu0zufyIrSMD7twmb8Bjmlqu-QVGo87g&oe=638EB5C5&_nc_sid=282b66,false
56320825550,your_serotonin_gf,prapti (pRatImA),https://instagram.fblr1-6.fna.fbcdn.net/v/t51.2885-19/313486828_645457753911060_5153807260252017283_n.jpg?stp=dst-jpg_s150x150&_nc_ht=instagram.fblr1-6.fna.fbcdn.net&_nc_cat=100&_nc_ohc=S-cHVKqZw0wAX_NVmeH&edm=AOG-cTkBAAAA&ccb=7-5&oh=00_AfDG96SUdznocSjoQCfqtm0HUSyjhIKkZaN6areqsnSVkQ&oe=638EAE21&_nc_sid=282b66,false
56266908230,diya_the_potato_10,Diya Dowlagar,https://instagram.fblr1-6.fna.fbcdn.net/v/t51.2885-19/314454990_203629545449116_5385605599994826145_n.jpg?stp=dst-jpg_s150x150&_nc_ht=instagram.fblr1-6.fna.fbcdn.net&_nc_cat=104&_nc_ohc=Sl0uBLxBbssAX-ocmOZ&edm=AOG-cTkBAAAA&ccb=7-5&oh=00_AfANtY-zpa0PCLyovPdqqh1ofUD-VVy2ScR_D6xmfrXfgA&oe=638FDC24&_nc_sid=282b66,false
41321733374,parinitha_naidu,Parinitha,https://instagram.fblr1-4.fna.fbcdn.net/v/t51.2885-19/317196064_832700831300453_7659558392530772384_n.jpg?stp=dst-jpg_s150x150&_nc_ht=instagram.fblr1-4.fna.fbcdn.net&_nc_cat=105&_nc_ohc=ctIJAR5C88QAX9eMiBC&edm=AOG-cTkBAAAA&ccb=7-5&oh=00_AfBHMA63O0Vkzm5ZmPv14feSOMStdzsoEXXOuQI1BLM2PA&oe=638EB14E&_nc_sid=282b66,false
53893476498,priya.queen634,priya,https://instagram.fblr1-4.fna.fbcdn.net/v/t51.2885-19/315173387_201812285574320_2518773953900186266_n.jpg?stp=dst-jpg_s150x150&_nc_ht=instagram.fblr1-4.fna.fbcdn.net&_nc_cat=108&_nc_ohc=PjevzfXdvW8AX8ASHid&edm=AOG-cTkBAAAA&ccb=7-5&oh=00_AfAa-BZ1uGE1uqYoG9s0VYiGC3Obz8eVGE_WTSxm0Nes0g&oe=638FAC68&_nc_sid=282b66,false
48778423904,the.rimi,rimikaaaaa,https://instagram.fblr1-4.fna.fbcdn.net/v/t51.2885-19/234303712_152107287042548_6525756108409812555_n.jpg?stp=dst-jpg_s150x150&_nc_ht=instagram.fblr1-4.fna.fbcdn.net&_nc_cat=108&_nc_ohc=Pcn61skPBCoAX8o9szB&edm=AOG-cTkBAAAA&ccb=7-5&oh=00_AfC6sn4tfyjOb-pV2wyMPOyTZmj8wc5BQj0DeXPNFDkj1Q&oe=638EDAB1&_nc_sid=282b66,false
3627279163,jaya_ellipse,Jaya Choudhary,https://instagram.fblr1-7.fna.fbcdn.net/v/t51.2885-19/300597034_654172922320429_2994651585681519421_n.jpg?stp=dst-jpg_s150x150&_nc_ht=instagram.fblr1-7.fna.fbcdn.net&_nc_cat=101&_nc_ohc=ern1sog59VIAX9Ut0Kl&edm=AOG-cTkBAAAA&ccb=7-5&oh=00_AfAHXKndUvrdtdwwABU4ay7yxhGxwU59-Yc8WjD3nt9ktA&oe=638FC051&_nc_sid=282b66,false
55700900533,youtubeshotdisbetter,nixt,https://instagram.fbom3-2.fna.fbcdn.net/v/t51.2885-19/44884218_345707102882519_2446069589734326272_n.jpg?_nc_ht=instagram.fbom3-2.fna.fbcdn.net&_nc_cat=1&_nc_ohc=v6hG0j-H7LQAX_7jSTo&edm=AEsR1pMBAAAA&ccb=7-5&ig_cache_key=YW5vbnltb3VzX3Byb2ZpbGVfcGlj.2-ccb7-5&oh=00_AfBgK5Eg10RVc-0fisSvXD9_fbsJfOswJJq5L2H044nlig&oe=638EA58F&_nc_sid=3f45ac,false
56274880177,saa_nvi2299,sa_nvi,https://instagram.fblr1-5.fna.fbcdn.net/v/t51.2885-19/313050942_1534788600295259_5747990756050289165_n.jpg?stp=dst-jpg_s150x150&_nc_ht=instagram.fblr1-5.fna.fbcdn.net&_nc_cat=111&_nc_ohc=dDYULqaNbC4AX-frl91&edm=AOG-cTkBAAAA&ccb=7-5&oh=00_AfASManhf5uTuyklHNO-bWCE_h4FImw2kkFkp_FjB_5IDg&oe=638FB96A&_nc_sid=282b66,false
55853308505,ananya_anu1133,,https://instagram.fblr1-7.fna.fbcdn.net/v/t51.2885-19/313026594_1290542418431970_5799834598281752026_n.jpg?stp=dst-jpg_s150x150&_nc_ht=instagram.fblr1-7.fna.fbcdn.net&_nc_cat=106&_nc_ohc=TK8UwdIta9wAX_nIYiY&edm=AOG-cTkBAAAA&ccb=7-5&oh=00_AfDIC4sN2w_arN4bDsKCGTdMrssqtwVkVxkBxdfmbdx-ag&oe=638E36B5&_nc_sid=282b66,false
55944773326,arjxn15,Arjun,https://instagram.fblr1-5.fna.fbcdn.net/v/t51.2885-19/310596084_621845402977822_8773016386777164078_n.jpg?stp=dst-jpg_s150x150&_nc_ht=instagram.fblr1-5.fna.fbcdn.net&_nc_cat=110&_nc_ohc=xjR-fDQBptsAX_2s-W-&edm=AOG-cTkBAAAA&ccb=7-5&oh=00_AfAsjZHSqs7tdswFbH2R972-PGfbJo-m_HAr3ObmMWlFwg&oe=638F54BA&_nc_sid=282b66,false
5813920402,sxnjjjjjj,sanjanaaaü•µ,https://instagram.fblr1-7.fna.fbcdn.net/v/t51.2885-19/271322337_1071413413660339_3378716368480155702_n.jpg?stp=dst-jpg_s150x150&_nc_ht=instagram.fblr1-7.fna.fbcdn.net&_nc_cat=107&_nc_ohc=UJulVH7emmYAX8qnCFT&edm=AOG-cTkBAAAA&ccb=7-5&oh=00_AfA1MHNKw8VBJBjo4i9Bnnyo2LNuOtTTj3GpMfvbAmZErg&oe=638E7D8E&_nc_sid=282b66,false
53710648927,suchitranaidu4,Suchitra Naidu,https://instagram.fbom3-2.fna.fbcdn.net/v/t51.2885-19/44884218_345707102882519_2446069589734326272_n.jpg?_nc_ht=instagram.fbom3-2.fna.fbcdn.net&_nc_cat=1&_nc_ohc=v6hG0j-H7LQAX_7jSTo&edm=AEsR1pMBAAAA&ccb=7-5&ig_cache_key=YW5vbnltb3VzX3Byb2ZpbGVfcGlj.2-ccb7-5&oh=00_AfBgK5Eg10RVc-0fisSvXD9_fbsJfOswJJq5L2H044nlig&oe=638EA58F&_nc_sid=3f45ac,false
55547347682,itssusanhi,Neethu Susan,https://instagram.fblr1-6.fna.fbcdn.net/v/t51.2885-19/308883846_1137011843566396_6515652364588008467_n.jpg?stp=dst-jpg_s150x150&_nc_ht=instagram.fblr1-6.fna.fbcdn.net&_nc_cat=104&_nc_ohc=gNqYie3JDZgAX_FYvqZ&edm=AOG-cTkBAAAA&ccb=7-5&oh=00_AfCMFYT6_owYcPsWgHph4eYw5SzfZDdKh9hEKbV9flwTqA&oe=638F2987&_nc_sid=282b66,false
46591935764,rsivapratap,Siva Pratap Reddy Uyyala,https://instagram.fblr1-6.fna.fbcdn.net/v/t51.2885-19/277320830_661320801851064_3276591966214975654_n.jpg?stp=dst-jpg_s150x150&_nc_ht=instagram.fblr1-6.fna.fbcdn.net&_nc_cat=100&_nc_ohc=vIeGvlR-WRYAX_fm7cw&edm=AOG-cTkBAAAA&ccb=7-5&oh=00_AfA1SAsIcDuUFJLQZjpJuDOjTGNYvhv9KtrjzHANU9xhng&oe=638FA2F1&_nc_sid=282b66,false
7683443408,swetthaaa,swetha,https://instagram.fblr1-7.fna.fbcdn.net/v/t51.2885-19/144664063_731885527700317_5911784751704793405_n.jpg?stp=dst-jpg_s150x150&_nc_ht=instagram.fblr1-7.fna.fbcdn.net&_nc_cat=101&_nc_ohc=EjJYgYq5rHgAX9ByY4B&edm=AOG-cTkBAAAA&ccb=7-5&oh=00_AfBfTB_A5QLGGB64ed0VWLToHFpoYlKsELip9Rtrkc8IMA&oe=638F76D4&_nc_sid=282b66,false
53083606274,kashkashhh_,kashviiii,https://instagram.fblr1-6.fna.fbcdn.net/v/t51.2885-19/312367313_919487319183626_4077700166567602993_n.jpg?stp=dst-jpg_s150x150&_nc_ht=instagram.fblr1-6.fna.fbcdn.net&_nc_cat=102&_nc_ohc=PKwUFqpE09sAX9dxIdZ&tn=--Ge7KL69NO6cS5R&edm=AOG-cTkBAAAA&ccb=7-5&oh=00_AfDK5GF2J5Sg10qYeHzqCbvkykDCzCTIRfFMIKLFjaV2Ig&oe=638EAB68&_nc_sid=282b66,false
53973907140,flowerfall.store,F L O W E R  F A L L,https://instagram.fblr1-6.fna.fbcdn.net/v/t51.2885-19/310593711_839994704014672_7993809733166718143_n.jpg?stp=dst-jpg_s150x150&_nc_ht=instagram.fblr1-6.fna.fbcdn.net&_nc_cat=104&_nc_ohc=Z5nwo7H2cA0AX-ke-tI&edm=AOG-cTkBAAAA&ccb=7-5&oh=00_AfDivt3BXRmhJqj_oVrO2NVmLrCF913hbmcgk4aFEfZ8Rg&oe=638FEF87&_nc_sid=282b66,false
55628133368,adk7712,adk,https://instagram.fblr1-6.fna.fbcdn.net/v/t51.2885-19/310362729_793976618532552_5179313863501329843_n.jpg?stp=dst-jpg_s150x150&_nc_ht=instagram.fblr1-6.fna.fbcdn.net&_nc_cat=100&_nc_ohc=67INw7E7cdIAX_jg_pY&edm=AOG-cTkBAAAA&ccb=7-5&oh=00_AfA3Ox02xGegM-dnBpP_pRGw6tPjsjMekATFsIGRVagRBw&oe=638E3262&_nc_sid=282b66,false
54497885725,vintage_thrift__shops,Mixed collection,https://instagram.fblr1-5.fna.fbcdn.net/v/t51.2885-19/314986120_654714206155690_2179519932086579005_n.jpg?stp=dst-jpg_s150x150&_nc_ht=instagram.fblr1-5.fna.fbcdn.net&_nc_cat=110&_nc_ohc=nwFjgNVzh3MAX-PVB7a&edm=AOG-cTkBAAAA&ccb=7-5&oh=00_AfCMmmlnCV1roCcjeNcim4QlFgaNMO8kfnTMGoOmjQ_cZQ&oe=638E5DB2&_nc_sid=282b66,false
2288428551,dhanush.g_5009,Dhanush G Reddy,https://instagram.fudr1-1.fna.fbcdn.net/v/t51.2885-19/44884218_345707102882519_2446069589734326272_n.jpg?_nc_ht=instagram.fudr1-1.fna.fbcdn.net&_nc_cat=1&_nc_ohc=v6hG0j-H7LQAX8l4kEr&edm=ALlQn9MBAAAA&ccb=7-5&ig_cache_key=YW5vbnltb3VzX3Byb2ZpbGVfcGlj.2-ccb7-5&oh=00_AfBW7yRHaoKrwVKGCyp0ohut-gAaqbuJMKaBF6JDr2FsZw&oe=638EA58F&_nc_sid=48a2a6,false
54074711586,sam_sakota_0006,Samarth Yadav,https://instagram.fblr1-3.fna.fbcdn.net/v/t51.2885-19/311464208_648718309986321_170694887742211579_n.jpg?stp=dst-jpg_s150x150&_nc_ht=instagram.fblr1-3.fna.fbcdn.net&_nc_cat=109&_nc_ohc=J8mVj1XUBvgAX-hU6_T&edm=AOG-cTkBAAAA&ccb=7-5&oh=00_AfCEg6Mt14dYAT93HMUuj_1_xWtQniAhGd31Iks-G0LO5g&oe=638ED6A5&_nc_sid=282b66,false
55646754064,gwhigcseconfessions,Gwh confessions anonymous,https://instagram.fudr1-1.fna.fbcdn.net/v/t51.2885-19/44884218_345707102882519_2446069589734326272_n.jpg?_nc_ht=instagram.fudr1-1.fna.fbcdn.net&_nc_cat=1&_nc_ohc=v6hG0j-H7LQAX8l4kEr&edm=ALlQn9MBAAAA&ccb=7-5&ig_cache_key=YW5vbnltb3VzX3Byb2ZpbGVfcGlj.2-ccb7-5&oh=00_AfBW7yRHaoKrwVKGCyp0ohut-gAaqbuJMKaBF6JDr2FsZw&oe=638EA58F&_nc_sid=48a2a6,false
51509081564,vedant_tiwari2010,Vedant Tiwari,https://instagram.fblr1-3.fna.fbcdn.net/v/t51.2885-19/272702127_479964090153561_5642224005431718024_n.jpg?stp=dst-jpg_s150x150&_nc_ht=instagram.fblr1-3.fna.fbcdn.net&_nc_cat=109&_nc_ohc=flBylGc9E-cAX-UemIL&edm=AOG-cTkBAAAA&ccb=7-5&oh=00_AfDMUn3TFJG1li6FaiwuUJsFP2VEJ0Ntb-HJyiNGrlHTkQ&oe=638F7FB9&_nc_sid=282b66,false
51143333475,a.nish448,Anish,https://instagram.fblr1-4.fna.fbcdn.net/v/t51.2885-19/278006356_355778803139225_968423572873607533_n.jpg?stp=dst-jpg_s150x150&_nc_ht=instagram.fblr1-4.fna.fbcdn.net&_nc_cat=105&_nc_ohc=F22ttUUZW_4AX9Ur46n&edm=AOG-cTkBAAAA&ccb=7-5&oh=00_AfCojPgbjL-HFIKxtezp6d7UVg7mrMjZjqsUakht8AvKZA&oe=638FFFD5&_nc_sid=282b66,false
46153632096,srad_thegremlin,toddler,https://instagram.fblr1-4.fna.fbcdn.net/v/t51.2885-19/312502408_395072099369405_5374668557445535820_n.jpg?stp=dst-jpg_s150x150&_nc_ht=instagram.fblr1-4.fna.fbcdn.net&_nc_cat=105&_nc_ohc=SVeObWnSEsgAX9aK3xe&tn=--Ge7KL69NO6cS5R&edm=AOG-cTkBAAAA&ccb=7-5&oh=00_AfCZfMtn6qsBjs1VRbHGJSViRM8p3bKDAv7gSDbiTJs61Q&oe=638EF70D&_nc_sid=282b66,false
55937453046,prema_ashok_reddy,Prema S C,https://instagram.fudr1-1.fna.fbcdn.net/v/t51.2885-19/44884218_345707102882519_2446069589734326272_n.jpg?_nc_ht=instagram.fudr1-1.fna.fbcdn.net&_nc_cat=1&_nc_ohc=v6hG0j-H7LQAX8l4kEr&edm=ALlQn9MBAAAA&ccb=7-5&ig_cache_key=YW5vbnltb3VzX3Byb2ZpbGVfcGlj.2-ccb7-5&oh=00_AfBW7yRHaoKrwVKGCyp0ohut-gAaqbuJMKaBF6JDr2FsZw&oe=638EA58F&_nc_sid=48a2a6,false
52285931199,ayocareless,ayonaa de,https://instagram.fblr1-6.fna.fbcdn.net/v/t51.2885-19/313966031_1256869361556016_1034287500665726943_n.jpg?stp=dst-jpg_s150x150&_nc_ht=instagram.fblr1-6.fna.fbcdn.net&_nc_cat=104&_nc_ohc=pIzT88IaUrkAX8EbrsK&edm=AOG-cTkBAAAA&ccb=7-5&oh=00_AfBGVWqeITUDqpd8OT9Aw1i6Oy7Heokv1RW9KXgSi5IqXQ&oe=638E6E51&_nc_sid=282b66,false
55255982093,nethra.singhvi,NETHRAü¶©,https://instagram.fblr1-4.fna.fbcdn.net/v/t51.2885-19/317621707_629941495487804_1218686021575513666_n.jpg?stp=dst-jpg_s150x150&_nc_ht=instagram.fblr1-4.fna.fbcdn.net&_nc_cat=108&_nc_ohc=HAYJibRyRZwAX9txifr&tn=--Ge7KL69NO6cS5R&edm=AOG-cTkBAAAA&ccb=7-5&oh=00_AfBBEgXakDl8vleHcGXqo_LoFPzyQaz4K7_2xJP_3e38jA&oe=638E28C7&_nc_sid=282b66,false
54209875478,devn_ashiiiiiiiii,,https://instagram.fblr1-3.fna.fbcdn.net/v/t51.2885-19/317511442_539947714652997_3113614711779165467_n.jpg?stp=dst-jpg_s150x150&_nc_ht=instagram.fblr1-3.fna.fbcdn.net&_nc_cat=109&_nc_ohc=XfOxBAThm0wAX_1JkrU&edm=AOG-cTkBAAAA&ccb=7-5&oh=00_AfD8Ts71tJgcObsIpT-_Nqhsj7tFQBcSSRmlVqIBRlVVhw&oe=638E0C06&_nc_sid=282b66,false
50586954435,nioshaa_v2009,Nioshaaü•Ä,https://instagram.fblr1-7.fna.fbcdn.net/v/t51.2885-19/316930647_817316912686699_2080113934741011071_n.jpg?stp=dst-jpg_s150x150&_nc_ht=instagram.fblr1-7.fna.fbcdn.net&_nc_cat=107&_nc_ohc=x5rbpMSpZHgAX-qXfcJ&edm=AOG-cTkBAAAA&ccb=7-5&oh=00_AfBXLfy3bziYuQJnxxfFxsghpv0XncZbHGcDRKtcCwOrHQ&oe=638EFDC5&_nc_sid=282b66,false
55565097460,yo.ananya.chilll,Ananya,https://instagram.fblr1-6.fna.fbcdn.net/v/t51.2885-19/317188216_660608962407564_4304095629640197700_n.jpg?stp=dst-jpg_s150x150&_nc_ht=instagram.fblr1-6.fna.fbcdn.net&_nc_cat=100&_nc_ohc=iK9MMg5Zzh0AX9BA8cf&edm=AOG-cTkBAAAA&ccb=7-5&oh=00_AfCLZu_TDOPFakrPxUAj0JgqzIGvg78bD2lsEnznlyyGBg&oe=638E8E21&_nc_sid=282b66,false
53063853273,notsupreeth,supreeth reddy,https://instagram.fblr1-5.fna.fbcdn.net/v/t51.2885-19/310734632_792202935343822_1504297019493963263_n.jpg?stp=dst-jpg_s150x150&_nc_ht=instagram.fblr1-5.fna.fbcdn.net&_nc_cat=110&_nc_ohc=kvzsfFCjYbQAX_dAFtV&edm=AOG-cTkBAAAA&ccb=7-5&oh=00_AfCEc1e9SPsY6jFq4pA1r76Cxb6LAqwGxOO8-a3JkiTkDQ&oe=638F7B18&_nc_sid=282b66,false
42997787170,_harithareddyy_,Haritha ü¶©,https://instagram.fblr1-4.fna.fbcdn.net/v/t51.2885-19/278141076_2709739849169729_2373038863220806396_n.jpg?stp=dst-jpg_s150x150&_nc_ht=instagram.fblr1-4.fna.fbcdn.net&_nc_cat=105&_nc_ohc=x74h--bMY_IAX8I0m_u&edm=AOG-cTkBAAAA&ccb=7-5&oh=00_AfD3-j9m-lKNSsmc2ZXfEp6BXnE5kLK_blslv56dpo-7Xw&oe=638FBA35&_nc_sid=282b66,false
52611659474,itz._.vishal_2007_,Vishal Prajwal,https://instagram.fblr1-3.fna.fbcdn.net/v/t51.2885-19/317000120_2784301065044889_4003710533264171852_n.jpg?stp=dst-jpg_s150x150&_nc_ht=instagram.fblr1-3.fna.fbcdn.net&_nc_cat=109&_nc_ohc=MktjYqGqJ2QAX_SHghF&edm=AOG-cTkBAAAA&ccb=7-5&oh=00_AfDqfx4McOTPWl4vRV6aku3Htb5MYNODX6P7O6b0m78y5g&oe=638FC1F2&_nc_sid=282b66,false
24759439910,syxd_fardin,Syed Fardin Syed,https://instagram.fblr1-6.fna.fbcdn.net/v/t51.2885-19/316382230_5593329064129048_7768743060870574871_n.jpg?stp=dst-jpg_s150x150&_nc_ht=instagram.fblr1-6.fna.fbcdn.net&_nc_cat=104&_nc_ohc=ha9fRI_8rTgAX-xt8cw&edm=AOG-cTkBAAAA&ccb=7-5&oh=00_AfB77HdmeBCx_P6BcGR5ot9duy0DJXl_uQvLmUKaNS4mAA&oe=638E2D91&_nc_sid=282b66,false
55405408535,mukeshthakur801070,Mukesh Thakur,https://instagram.fblr1-5.fna.fbcdn.net/v/t51.2885-19/311346121_140719435105011_6475567731013582409_n.jpg?stp=dst-jpg_s150x150&_nc_ht=instagram.fblr1-5.fna.fbcdn.net&_nc_cat=103&_nc_ohc=Wke0lfl1lVwAX8mj7CS&edm=AOG-cTkBAAAA&ccb=7-5&oh=00_AfD5gsct_MofMnqJd21eSR4PiH5OO7y13ehHSV1qBuncaA&oe=638E4225&_nc_sid=282b66,false
55734161382,who_know_whooo,,https://instagram.fblr1-7.fna.fbcdn.net/v/t51.2885-19/308789004_108125675314819_168920178014936150_n.jpg?stp=dst-jpg_s150x150&_nc_ht=instagram.fblr1-7.fna.fbcdn.net&_nc_cat=107&_nc_ohc=748u_ZpZfdsAX_mDyV4&edm=AOG-cTkBAAAA&ccb=7-5&oh=00_AfDMwap6Rbd48jFUxcs9rv3kTC54_bBCp9u3ia-39Deg2g&oe=638F5BAA&_nc_sid=282b66,false
53666534042,thanishka._.k,,https://instagram.fblr1-4.fna.fbcdn.net/v/t51.2885-19/315433943_437833531852253_7461410059940180753_n.jpg?stp=dst-jpg_s150x150&_nc_ht=instagram.fblr1-4.fna.fbcdn.net&_nc_cat=105&_nc_ohc=qsIRrkZw5RcAX_qC8Z9&edm=AOG-cTkBAAAA&ccb=7-5&oh=00_AfC8Kp2qfsrUf_ErYYq4208VAqTElkRoBt5b2J1MBu7KQg&oe=638EAAA0&_nc_sid=282b66,false
54905933544,manavsrinivasan_18,Manav,https://instagram.fudr1-1.fna.fbcdn.net/v/t51.2885-19/44884218_345707102882519_2446069589734326272_n.jpg?_nc_ht=instagram.fudr1-1.fna.fbcdn.net&_nc_cat=1&_nc_ohc=v6hG0j-H7LQAX8l4kEr&edm=ALlQn9MBAAAA&ccb=7-5&ig_cache_key=YW5vbnltb3VzX3Byb2ZpbGVfcGlj.2-ccb7-5&oh=00_AfBW7yRHaoKrwVKGCyp0ohut-gAaqbuJMKaBF6JDr2FsZw&oe=638EA58F&_nc_sid=48a2a6,false
55496255944,advika_arora07,Advika Arora,https://instagram.fblr1-3.fna.fbcdn.net/v/t51.2885-19/315969141_809121280164273_5621664178519515308_n.jpg?stp=dst-jpg_s150x150&_nc_ht=instagram.fblr1-3.fna.fbcdn.net&_nc_cat=109&_nc_ohc=_I-LAYxIIbkAX9lR_yl&edm=AOG-cTkBAAAA&ccb=7-5&oh=00_AfAR42mfj_drGcwUcku6r_1VdTwbaudopxRdFoyyipRTLA&oe=638F8DA3&_nc_sid=282b66,false
44777033432,rajesh.arjun.k,R@je$h,https://instagram.fblr1-5.fna.fbcdn.net/v/t51.2885-19/176741495_805337640077387_5172108829891402191_n.jpg?stp=dst-jpg_s150x150&_nc_ht=instagram.fblr1-5.fna.fbcdn.net&_nc_cat=111&_nc_ohc=vVCSY9l2S8MAX_pmimm&edm=AOG-cTkBAAAA&ccb=7-5&oh=00_AfCVEeV_J1Ihcswk8H3h6pFckBsyYGVvZRTbnOdsp39uZw&oe=638F836B&_nc_sid=282b66,false
44944837501,aashi._.301,Aashi,https://instagram.fblr1-5.fna.fbcdn.net/v/t51.2885-19/308624254_2631496230314050_7281459567334927554_n.jpg?stp=dst-jpg_s150x150&_nc_ht=instagram.fblr1-5.fna.fbcdn.net&_nc_cat=110&_nc_ohc=5wFA5Dld9j4AX_nzvYU&edm=AOG-cTkBAAAA&ccb=7-5&oh=00_AfACqMS7-Uknr4C4d0ZVZTQgoyAxRxbZf6RRFV9JAA1Fdw&oe=638EC51F&_nc_sid=282b66,false
25987054244,medhassharma,Medha ü™ê,https://instagram.fblr1-7.fna.fbcdn.net/v/t51.2885-19/316870058_1151165738840053_8508404704275554830_n.jpg?stp=dst-jpg_s150x150&_nc_ht=instagram.fblr1-7.fna.fbcdn.net&_nc_cat=101&_nc_ohc=G94kDWY0g0EAX9tG2HQ&edm=AOG-cTkBAAAA&ccb=7-5&oh=00_AfCwPEZRcHtcxo5Kdh3UXF_nHYh9v6b7loL2QPo8Yzk2ew&oe=638E9A6C&_nc_sid=282b66,false
55556610689,shaurya_verma_2209,shaurya verma,https://instagram.fblr1-6.fna.fbcdn.net/v/t51.2885-19/309267743_1141434199912912_4383201277860669680_n.jpg?stp=dst-jpg_s150x150&_nc_ht=instagram.fblr1-6.fna.fbcdn.net&_nc_cat=104&_nc_ohc=-R1B_Axt14IAX_KF82b&tn=--Ge7KL69NO6cS5R&edm=AOG-cTkBAAAA&ccb=7-5&oh=00_AfAVPjvvcIiIPBstVdGXbP-5l8fu4XZ9FdqD7yV4-pDlxA&oe=638EBD4C&_nc_sid=282b66,false
55715225794,shreyaa_439,Shreya Maheshwari,https://instagram.fblr1-6.fna.fbcdn.net/v/t51.2885-19/317609608_142898238532994_3666406560754571325_n.jpg?stp=dst-jpg_s150x150&_nc_ht=instagram.fblr1-6.fna.fbcdn.net&_nc_cat=102&_nc_ohc=Ped7PyAkKt4AX9mfRSF&tn=--Ge7KL69NO6cS5R&edm=AOG-cTkBAAAA&ccb=7-5&oh=00_AfCnrInTjz7Ko5_R6HVzv5RcquxOHZzwNnmuNOTOcZzUxw&oe=638FADB8&_nc_sid=282b66,false
55231918334,atomicreactionithink,anushka,https://instagram.fblr1-4.fna.fbcdn.net/v/t51.2885-19/311807294_144150054724865_2328371124197160776_n.jpg?stp=dst-jpg_s150x150&_nc_ht=instagram.fblr1-4.fna.fbcdn.net&_nc_cat=105&_nc_ohc=XYHNiQ8XO0sAX-WRfbM&edm=AOG-cTkBAAAA&ccb=7-5&oh=00_AfA5ZbXrKoGP5kAiFB-JPxQazNFeS4jeoX9Flgky9hdHLw&oe=638E7F4A&_nc_sid=282b66,false
55694100215,ishaniii_28,ishani guptaüß∏,https://instagram.fblr1-5.fna.fbcdn.net/v/t51.2885-19/312086905_598806098659558_7251841395342529925_n.jpg?stp=dst-jpg_s150x150&_nc_ht=instagram.fblr1-5.fna.fbcdn.net&_nc_cat=110&_nc_ohc=0G6igsflezAAX-jP97x&tn=--Ge7KL69NO6cS5R&edm=AOG-cTkBAAAA&ccb=7-5&oh=00_AfATzqTnHNog_LtKJdtouZwjZuUzVvcEqVs-65kZSHzxFw&oe=638F32A1&_nc_sid=282b66,false
55129207921,monisha_reddy_h_,Monisha Reddy,https://instagram.fudr1-1.fna.fbcdn.net/v/t51.2885-19/44884218_345707102882519_2446069589734326272_n.jpg?_nc_ht=instagram.fudr1-1.fna.fbcdn.net&_nc_cat=1&_nc_ohc=v6hG0j-H7LQAX8l4kEr&edm=ALlQn9MBAAAA&ccb=7-5&ig_cache_key=YW5vbnltb3VzX3Byb2ZpbGVfcGlj.2-ccb7-5&oh=00_AfBW7yRHaoKrwVKGCyp0ohut-gAaqbuJMKaBF6JDr2FsZw&oe=638EA58F&_nc_sid=48a2a6,false
47347556021,fortuna_decor_studio,FORTUNA DECOR STUDIO,https://instagram.fblr1-7.fna.fbcdn.net/v/t51.2885-19/173098479_769240634018838_4512727873147865350_n.jpg?stp=dst-jpg_s150x150&_nc_ht=instagram.fblr1-7.fna.fbcdn.net&_nc_cat=106&_nc_ohc=J0G2p5HWVy8AX-Dx0gj&edm=AOG-cTkBAAAA&ccb=7-5&oh=00_AfDSNuRbdMXbABojf8ZVlLLIBNzosZEWGSAnMbkMOfo7Jw&oe=638E20E5&_nc_sid=282b66,false
35184329456,ad17291,AD,https://instagram.fblr1-5.fna.fbcdn.net/v/t51.2885-19/295743865_160445246528187_4431772365630128581_n.jpg?stp=dst-jpg_s150x150&_nc_ht=instagram.fblr1-5.fna.fbcdn.net&_nc_cat=103&_nc_ohc=mpITz6XiC_YAX_VJFvx&edm=AOG-cTkBAAAA&ccb=7-5&oh=00_AfDQpnMzhiYz3NDFdYS9TA-35w9aJSXGbQMoV5E0mkQUkA&oe=638E4705&_nc_sid=282b66,false
52450314036,advay.nair29,Advay Nair,https://instagram.fblr1-5.fna.fbcdn.net/v/t51.2885-19/278976644_485503910028783_2885630203984527123_n.jpg?stp=dst-jpg_s150x150&_nc_ht=instagram.fblr1-5.fna.fbcdn.net&_nc_cat=103&_nc_ohc=15j6QFLmHcIAX8kWzKQ&edm=AOG-cTkBAAAA&ccb=7-5&oh=00_AfD1b1mx4JmpbgNrcY5r4VS6X1erpMuMzAIm9wlp50Rxig&oe=638EA73A&_nc_sid=282b66,false
52403285466,kimchee4eva,,https://instagram.fblr1-4.fna.fbcdn.net/v/t51.2885-19/275956432_682163069495813_5163101848076535118_n.jpg?stp=dst-jpg_s150x150&_nc_ht=instagram.fblr1-4.fna.fbcdn.net&_nc_cat=105&_nc_ohc=_BXeGT69QKMAX-k034T&edm=AOG-cTkBAAAA&ccb=7-5&oh=00_AfB88bMayE9DBMiShZYk_JBhnhgeh-yntUx6frKFt38qjA&oe=638F1C91&_nc_sid=282b66,false
53723304588,suresh.s.19,suresh.s.19,https://instagram.fblr1-4.fna.fbcdn.net/v/t51.2885-19/309208975_486175026515105_4412797082527290551_n.jpg?stp=dst-jpg_s150x150&_nc_ht=instagram.fblr1-4.fna.fbcdn.net&_nc_cat=105&_nc_ohc=mdzDCEWB14IAX8pPBIy&edm=AOG-cTkBAAAA&ccb=7-5&oh=00_AfCM9y4zljf2sytIR3w8xIJSEt7LBgtb6AtItd6vMRA_Pg&oe=638E0E92&_nc_sid=282b66,false
46390227991,advika_prajwal_811,advika ‚ù§Ô∏è‚ú®,https://instagram.fblr1-5.fna.fbcdn.net/v/t51.2885-19/316002779_1545713599281707_2200430751432597949_n.jpg?stp=dst-jpg_s150x150&_nc_ht=instagram.fblr1-5.fna.fbcdn.net&_nc_cat=111&_nc_ohc=DlkHpA3NowoAX_t3F10&tn=--Ge7KL69NO6cS5R&edm=AOG-cTkBAAAA&ccb=7-5&oh=00_AfCimjuE74LL3QeF3XFIvXolDn5vczFi8FitpizmacbmJQ&oe=638E7A5A&_nc_sid=282b66,false
1657329880,vrindas_temple_jewellery,VRINDAS üáÆüá≥,https://instagram.fblr1-6.fna.fbcdn.net/v/t51.2885-19/300253632_199283115789480_3428564570405156159_n.jpg?stp=dst-jpg_s150x150&_nc_ht=instagram.fblr1-6.fna.fbcdn.net&_nc_cat=100&_nc_ohc=waTFmkfH20MAX_GR0qK&edm=AOG-cTkBAAAA&ccb=7-5&oh=00_AfBycCB-8aCEC76Z93EFjeS1q8bewWJP6RU_cdvMk2P2_A&oe=638F3073&_nc_sid=282b66,false
55042908460,hannahx_188,Hannah,https://instagram.fblr1-6.fna.fbcdn.net/v/t51.2885-19/301951348_5568367853185260_4453114375905125997_n.jpg?stp=dst-jpg_s150x150&_nc_ht=instagram.fblr1-6.fna.fbcdn.net&_nc_cat=100&_nc_ohc=ikInqblBK2cAX_4A42c&edm=AOG-cTkBAAAA&ccb=7-5&oh=00_AfBkZjE0P0DTohyxfM9IuwQpOeQuLrr2GXRdY_x7LY9WBw&oe=638E26FA&_nc_sid=282b66,false
50648876789,the__devarakonda__69,Akranth Devarakonda,https://instagram.fblr1-7.fna.fbcdn.net/v/t51.2885-19/313521987_1153539095566027_3824310760249196203_n.jpg?stp=dst-jpg_s150x150&_nc_ht=instagram.fblr1-7.fna.fbcdn.net&_nc_cat=107&_nc_ohc=S8_Tdd9cR5kAX-4EDke&edm=AOG-cTkBAAAA&ccb=7-5&oh=00_AfAELuRY4toGNujnBfpOz3ioCnrc34t0yv9bHGs9YGIZMA&oe=638ED216&_nc_sid=282b66,false
48534514431,priayuh,Priyal,https://instagram.fblr1-6.fna.fbcdn.net/v/t51.2885-19/311661625_851202815877986_5010122821155342389_n.jpg?stp=dst-jpg_s150x150&_nc_ht=instagram.fblr1-6.fna.fbcdn.net&_nc_cat=102&_nc_ohc=8k8MuMMsRNoAX9JA7kM&tn=--Ge7KL69NO6cS5R&edm=AOG-cTkBAAAA&ccb=7-5&oh=00_AfBNtj-BzIkt0CssA9FUmdacfwqqiClgIG1kwH6W03KvhA&oe=638ED444&_nc_sid=282b66,false
54764060545,sushi_bestie_me,Moumitha‚ú®,https://instagram.fblr1-5.fna.fbcdn.net/v/t51.2885-19/313842982_169454852402195_8385917901231714802_n.jpg?stp=dst-jpg_s150x150&_nc_ht=instagram.fblr1-5.fna.fbcdn.net&_nc_cat=111&_nc_ohc=fIuQyBiIZtMAX-lI2xB&edm=AOG-cTkBAAAA&ccb=7-5&oh=00_AfACz0m6KoVQaZn8SjW_pIR6a52NNgF4lyyKOnnjocKDdA&oe=638F4CB0&_nc_sid=282b66,false
36193688505,rkshita_4,,https://instagram.fblr1-7.fna.fbcdn.net/v/t51.2885-19/310685643_177418388190289_1819687187251157669_n.jpg?stp=dst-jpg_s150x150&_nc_ht=instagram.fblr1-7.fna.fbcdn.net&_nc_cat=101&_nc_ohc=OciCc_RrVe4AX-lBE9p&edm=AOG-cTkBAAAA&ccb=7-5&oh=00_AfCOlEpgbw84zfecQtRU2Aret0PDHC9bpG0MgOjzeXzL0g&oe=638E222A&_nc_sid=282b66,false
49030566329,leeeee_p,Icicle,https://instagram.fblr1-7.fna.fbcdn.net/v/t51.2885-19/288069753_2817044568597427_7521360893178708920_n.jpg?stp=dst-jpg_s150x150&_nc_ht=instagram.fblr1-7.fna.fbcdn.net&_nc_cat=107&_nc_ohc=t1WwmHaQ3n4AX9uS5iv&edm=AOG-cTkBAAAA&ccb=7-5&oh=00_AfDqDnNwfQ-bbC7tefpVD4h9I7god5naF0QFxdcpvRs26A&oe=638EE968&_nc_sid=282b66,false
51329025817,bhxvish_19,Bh@v√¨sh,https://instagram.fblr1-6.fna.fbcdn.net/v/t51.2885-19/314397741_204375968634134_7803803526398046583_n.jpg?stp=dst-jpg_s150x150&_nc_ht=instagram.fblr1-6.fna.fbcdn.net&_nc_cat=102&_nc_ohc=J5uEU-MBBPoAX_OJHcV&edm=AOG-cTkBAAAA&ccb=7-5&oh=00_AfDUDzlrO7f8JDttw-XnuFnPKsp7C0OmXQ-Kg_r2zgHMHA&oe=638FC748&_nc_sid=282b66,false
50858158756,teeiee_66,,https://instagram.fhkg10-1.fna.fbcdn.net/v/t51.2885-19/44884218_345707102882519_2446069589734326272_n.jpg?_nc_ht=instagram.fhkg10-1.fna.fbcdn.net&_nc_cat=1&_nc_ohc=v6hG0j-H7LQAX8ZVwRQ&edm=ABmJApABAAAA&ccb=7-5&ig_cache_key=YW5vbnltb3VzX3Byb2ZpbGVfcGlj.2-ccb7-5&oh=00_AfAIosAHz3ydA32ndG6AFGHJMBJKk-gseZlqQeZ-ktbbwQ&oe=638EA58F&_nc_sid=6136e7,false
54210163386,gagan_j_reddy.01,Gagan.J.reddy,https://instagram.fblr1-4.fna.fbcdn.net/v/t51.2885-19/311337705_195289706221961_5698295748587017020_n.jpg?stp=dst-jpg_s150x150&_nc_ht=instagram.fblr1-4.fna.fbcdn.net&_nc_cat=105&_nc_ohc=nv6E96IzOeIAX96EBi7&edm=AOG-cTkBAAAA&ccb=7-5&oh=00_AfBTyB-UqOTOtvgYuvX-rigCt2iSA3vGyEPNk0OMhbw-Ng&oe=638FA8E1&_nc_sid=282b66,false
44589050978,avika_2508,~Avika~,https://instagram.fhkg10-1.fna.fbcdn.net/v/t51.2885-19/44884218_345707102882519_2446069589734326272_n.jpg?_nc_ht=instagram.fhkg10-1.fna.fbcdn.net&_nc_cat=1&_nc_ohc=v6hG0j-H7LQAX8ZVwRQ&edm=ABmJApABAAAA&ccb=7-5&ig_cache_key=YW5vbnltb3VzX3Byb2ZpbGVfcGlj.2-ccb7-5&oh=00_AfAIosAHz3ydA32ndG6AFGHJMBJKk-gseZlqQeZ-ktbbwQ&oe=638EA58F&_nc_sid=6136e7,false
53161290199,_arnav.exe,Arnav Sathish,https://instagram.fblr1-3.fna.fbcdn.net/v/t51.2885-19/316973802_523454006364369_5964760839276471660_n.jpg?stp=dst-jpg_s150x150&_nc_ht=instagram.fblr1-3.fna.fbcdn.net&_nc_cat=109&_nc_ohc=3jbv6-axJA8AX_QjPQg&edm=AOG-cTkBAAAA&ccb=7-5&oh=00_AfClNjVL0-xbAKvLUtkL11ClEZ94POeFtJdKdxhrBS14Qw&oe=638EFFF4&_nc_sid=282b66,false
8572890954,akshara.bhat,Akshara Bhat,https://instagram.fblr1-7.fna.fbcdn.net/v/t51.2885-19/314906429_869539940881957_8454517397818871695_n.jpg?stp=dst-jpg_s150x150&_nc_ht=instagram.fblr1-7.fna.fbcdn.net&_nc_cat=101&_nc_ohc=D2jjDyGXz3cAX86iQhH&edm=AOG-cTkBAAAA&ccb=7-5&oh=00_AfAm5c3-jzC9zzqBP98vWP9PYIdKl-sXMv4hVGhiw8N5TQ&oe=638F781E&_nc_sid=282b66,false
53728132587,tempest_rimuru_veldora,Nandita,https://instagram.fblr1-4.fna.fbcdn.net/v/t51.2885-19/291676713_2077427439130892_3391722005632935466_n.jpg?stp=dst-jpg_s150x150&_nc_ht=instagram.fblr1-4.fna.fbcdn.net&_nc_cat=108&_nc_ohc=lYTAIL5yCt4AX9R1QdC&edm=AOG-cTkBAAAA&ccb=7-5&oh=00_AfAxSLHSOxn8EXX5xDzjACAIdxCS2LIG76UO-i05SP0pjw&oe=638ED96A&_nc_sid=282b66,false
54523435581,arjun_bhardwaj_669,Arjun,https://instagram.fblr1-4.fna.fbcdn.net/v/t51.2885-19/311097710_685375959616100_5455266826441603822_n.jpg?stp=dst-jpg_s150x150&_nc_ht=instagram.fblr1-4.fna.fbcdn.net&_nc_cat=108&_nc_ohc=EEJkLyD3d_wAX-C7Bh8&edm=AOG-cTkBAAAA&ccb=7-5&oh=00_AfDLqKux-B5ckkk8DwIS3i54WfhP6XRm1mIaKRw65_hc4g&oe=638FED18&_nc_sid=282b66,false
53643614733,namish.verma08,Namish Verma,https://instagram.fblr1-5.fna.fbcdn.net/v/t51.2885-19/313030377_675718917511522_2228028110874215563_n.jpg?stp=dst-jpg_s150x150&_nc_ht=instagram.fblr1-5.fna.fbcdn.net&_nc_cat=110&_nc_ohc=UVquEf8YRjcAX_MlJrq&edm=AOG-cTkBAAAA&ccb=7-5&oh=00_AfC7w5j193u-t-A2cGx0f9Up9MS9JXjApuetwAyAg6Jqlw&oe=638E615A&_nc_sid=282b66,false
52954877181,_meghana_ravi_2509,üñ§ Meghana üñ§,https://instagram.fblr1-5.fna.fbcdn.net/v/t51.2885-19/316732231_647028067211242_7240998601738758302_n.jpg?stp=dst-jpg_s150x150&_nc_ht=instagram.fblr1-5.fna.fbcdn.net&_nc_cat=110&_nc_ohc=XV3YDqpEPoYAX8ETMRu&edm=AOG-cTkBAAAA&ccb=7-5&oh=00_AfBOH1L3NEf4v98vTMnYCH75rj_guSvIotrHB4CEUHvHfw&oe=638FC9D9&_nc_sid=282b66,false
54897822930,ashvika_reddz,,https://instagram.fhkg10-1.fna.fbcdn.net/v/t51.2885-19/44884218_345707102882519_2446069589734326272_n.jpg?_nc_ht=instagram.fhkg10-1.fna.fbcdn.net&_nc_cat=1&_nc_ohc=v6hG0j-H7LQAX8ZVwRQ&edm=ABmJApABAAAA&ccb=7-5&ig_cache_key=YW5vbnltb3VzX3Byb2ZpbGVfcGlj.2-ccb7-5&oh=00_AfAIosAHz3ydA32ndG6AFGHJMBJKk-gseZlqQeZ-ktbbwQ&oe=638EA58F&_nc_sid=6136e7,false
55274969543,spri.tss,,https://instagram.fhkg10-1.fna.fbcdn.net/v/t51.2885-19/44884218_345707102882519_2446069589734326272_n.jpg?_nc_ht=instagram.fhkg10-1.fna.fbcdn.net&_nc_cat=1&_nc_ohc=v6hG0j-H7LQAX8ZVwRQ&edm=ABmJApABAAAA&ccb=7-5&ig_cache_key=YW5vbnltb3VzX3Byb2ZpbGVfcGlj.2-ccb7-5&oh=00_AfAIosAHz3ydA32ndG6AFGHJMBJKk-gseZlqQeZ-ktbbwQ&oe=638EA58F&_nc_sid=6136e7,false
55233463554,nithya_m_reddz,,https://instagram.fhkg10-1.fna.fbcdn.net/v/t51.2885-19/44884218_345707102882519_2446069589734326272_n.jpg?_nc_ht=instagram.fhkg10-1.fna.fbcdn.net&_nc_cat=1&_nc_ohc=v6hG0j-H7LQAX8ZVwRQ&edm=ABmJApABAAAA&ccb=7-5&ig_cache_key=YW5vbnltb3VzX3Byb2ZpbGVfcGlj.2-ccb7-5&oh=00_AfAIosAHz3ydA32ndG6AFGHJMBJKk-gseZlqQeZ-ktbbwQ&oe=638EA58F&_nc_sid=6136e7,false
55050958999,preetipa998,,https://instagram.fhkg10-1.fna.fbcdn.net/v/t51.2885-19/44884218_345707102882519_2446069589734326272_n.jpg?_nc_ht=instagram.fhkg10-1.fna.fbcdn.net&_nc_cat=1&_nc_ohc=v6hG0j-H7LQAX8ZVwRQ&edm=ABmJApABAAAA&ccb=7-5&ig_cache_key=YW5vbnltb3VzX3Byb2ZpbGVfcGlj.2-ccb7-5&oh=00_AfAIosAHz3ydA32ndG6AFGHJMBJKk-gseZlqQeZ-ktbbwQ&oe=638EA58F&_nc_sid=6136e7,false
55044151559,shamitha604,,https://instagram.fhkg10-1.fna.fbcdn.net/v/t51.2885-19/44884218_345707102882519_2446069589734326272_n.jpg?_nc_ht=instagram.fhkg10-1.fna.fbcdn.net&_nc_cat=1&_nc_ohc=v6hG0j-H7LQAX8ZVwRQ&edm=ABmJApABAAAA&ccb=7-5&ig_cache_key=YW5vbnltb3VzX3Byb2ZpbGVfcGlj.2-ccb7-5&oh=00_AfAIosAHz3ydA32ndG6AFGHJMBJKk-gseZlqQeZ-ktbbwQ&oe=638EA58F&_nc_sid=6136e7,false
55104218257,likk_ithaa,,https://instagram.fhkg10-1.fna.fbcdn.net/v/t51.2885-19/44884218_345707102882519_2446069589734326272_n.jpg?_nc_ht=instagram.fhkg10-1.fna.fbcdn.net&_nc_cat=1&_nc_ohc=v6hG0j-H7LQAX8ZVwRQ&edm=ABmJApABAAAA&ccb=7-5&ig_cache_key=YW5vbnltb3VzX3Byb2ZpbGVfcGlj.2-ccb7-5&oh=00_AfAIosAHz3ydA32ndG6AFGHJMBJKk-gseZlqQeZ-ktbbwQ&oe=638EA58F&_nc_sid=6136e7,false
55270169771,idkyo.urname,,https://instagram.fhkg10-1.fna.fbcdn.net/v/t51.2885-19/44884218_345707102882519_2446069589734326272_n.jpg?_nc_ht=instagram.fhkg10-1.fna.fbcdn.net&_nc_cat=1&_nc_ohc=v6hG0j-H7LQAX8ZVwRQ&edm=ABmJApABAAAA&ccb=7-5&ig_cache_key=YW5vbnltb3VzX3Byb2ZpbGVfcGlj.2-ccb7-5&oh=00_AfAIosAHz3ydA32ndG6AFGHJMBJKk-gseZlqQeZ-ktbbwQ&oe=638EA58F&_nc_sid=6136e7,false
55087225866,pennyblue901,aHahA,https://instagram.fblr1-5.fna.fbcdn.net/v/t51.2885-19/302200352_636609024412311_6386739321911183431_n.jpg?stp=dst-jpg_s150x150&_nc_ht=instagram.fblr1-5.fna.fbcdn.net&_nc_cat=103&_nc_ohc=4RN7WGen8bMAX8WkUFH&edm=AOG-cTkBAAAA&ccb=7-5&oh=00_AfBt0Cu8oC6wqciSMJgoE44R8ZOvNKCqsooM17FCOC0Scg&oe=638EC70E&_nc_sid=282b66,false
12802102562,suchiseas,Suchi Mule,https://instagram.fblr1-6.fna.fbcdn.net/v/t51.2885-19/316873257_667715145019466_5917895900665910437_n.jpg?stp=dst-jpg_s150x150&_nc_ht=instagram.fblr1-6.fna.fbcdn.net&_nc_cat=102&_nc_ohc=oR8J541Te28AX_MNy38&edm=AOG-cTkBAAAA&ccb=7-5&oh=00_AfCNlN7gxoN8TKY2KmL7jt0j_ehmsnb-YXL3pJ8x5d7TSw&oe=638FE7AA&_nc_sid=282b66,false
43036276796,akshat.goyal2407,Akshat,https://instagram.fblr1-5.fna.fbcdn.net/v/t51.2885-19/296823284_1184772075705814_406125910339783808_n.jpg?stp=dst-jpg_s150x150&_nc_ht=instagram.fblr1-5.fna.fbcdn.net&_nc_cat=110&_nc_ohc=bxQSubTxAEMAX_noAXR&edm=AOG-cTkBAAAA&ccb=7-5&oh=00_AfB8Px6s3vsKIKgWbSPjJhz6p8hYMMayaj22nUYMCd1U1A&oe=638E1FD8&_nc_sid=282b66,false
54861879286,tisya_mahendra14,Tisya Mahendra,https://instagram.fblr1-5.fna.fbcdn.net/v/t51.2885-19/311771602_165869849380671_331065941088100576_n.jpg?stp=dst-jpg_s150x150&_nc_ht=instagram.fblr1-5.fna.fbcdn.net&_nc_cat=103&_nc_ohc=RGhhFFdBYucAX_3roBt&edm=AOG-cTkBAAAA&ccb=7-5&oh=00_AfChh1eeLPfQ3W_HZ1wZYrdhnGKerGaiB5Lx8xnxWMDh_w&oe=638E1E48&_nc_sid=282b66,false
54664382599,tisya._.m,Tisya,https://instagram.fblr1-7.fna.fbcdn.net/v/t51.2885-19/301619309_775699940141190_3199923996714636837_n.jpg?stp=dst-jpg_s150x150&_nc_ht=instagram.fblr1-7.fna.fbcdn.net&_nc_cat=106&_nc_ohc=uiyNUtep41kAX_Wv1do&edm=AOG-cTkBAAAA&ccb=7-5&oh=00_AfAM2y2esUiSjanICG8laQzx0WuiB8wZrffZPE4QPYRByA&oe=638EBEB0&_nc_sid=282b66,false
51607368397,jfiohiovnclwjfi,jfiohiovnclwjfi,https://instagram.fblr1-6.fna.fbcdn.net/v/t51.2885-19/271468005_959389268309040_8812207699136132005_n.jpg?stp=dst-jpg_s150x150&_nc_ht=instagram.fblr1-6.fna.fbcdn.net&_nc_cat=100&_nc_ohc=kXNXGXtCiUsAX8Fru4D&edm=AOG-cTkBAAAA&ccb=7-5&oh=00_AfDAAJKojAMXLe6KR3yZy9U-A2VO_iuTEt6EljWym6dfrw&oe=638F1719&_nc_sid=282b66,false
16729896954,angelrockz_4,,https://instagram.fblr1-3.fna.fbcdn.net/v/t51.2885-19/300176637_1518766515249705_2083338024636827786_n.jpg?stp=dst-jpg_s150x150&_nc_ht=instagram.fblr1-3.fna.fbcdn.net&_nc_cat=109&_nc_ohc=9YF-xXjH3NYAX_z-Vxa&tn=--Ge7KL69NO6cS5R&edm=AOG-cTkBAAAA&ccb=7-5&oh=00_AfBueKHcMRNDK1tBR-WZjrDDjuXyi8YYZGWnb7BF4Dt51w&oe=638E3FBD&_nc_sid=282b66,false
55024231393,nayan.b.gowda6,Nayan.B.GOWDA,https://instagram.fblr1-7.fna.fbcdn.net/v/t51.2885-19/302438065_482468400027787_1744990485751011141_n.jpg?stp=dst-jpg_s150x150&_nc_ht=instagram.fblr1-7.fna.fbcdn.net&_nc_cat=107&_nc_ohc=o2aEEdCZLQoAX_7axkS&edm=AOG-cTkBAAAA&ccb=7-5&oh=00_AfDVuOXKtx7a-6R-CkxO4zKho_oHmPFsu9fMzwqgrr2AtA&oe=638E73F7&_nc_sid=282b66,false
53701213949,hola_a.k,Ananya,https://instagram.fblr1-7.fna.fbcdn.net/v/t51.2885-19/308596917_611282013874723_3689827423296615026_n.jpg?stp=dst-jpg_s150x150&_nc_ht=instagram.fblr1-7.fna.fbcdn.net&_nc_cat=107&_nc_ohc=L4SsnXa_KFcAX_iu_OW&edm=AOG-cTkBAAAA&ccb=7-5&oh=00_AfBmqy1tHTa9u6oppsoqyX8cNFTUdaGM1PJHaXZar3t2AA&oe=638E2A7B&_nc_sid=282b66,false
50829555910,devin_poona,Nived Anoop,https://instagram.fblr1-5.fna.fbcdn.net/v/t51.2885-19/291663483_601280297972423_6648493424526308470_n.jpg?stp=dst-jpg_s150x150&_nc_ht=instagram.fblr1-5.fna.fbcdn.net&_nc_cat=111&_nc_ohc=Od0Gr-L1tSEAX9YUyoX&tn=--Ge7KL69NO6cS5R&edm=AOG-cTkBAAAA&ccb=7-5&oh=00_AfBLKghEv-aWHLwTenGJRm0sTkzJkjOB7kljMBk13LWi9A&oe=638E9EE7&_nc_sid=282b66,false
44799254291,that_weird_gurl1408,Mysha,https://instagram.fblr1-5.fna.fbcdn.net/v/t51.2885-19/275524113_3451048198514975_2307551175337087871_n.jpg?stp=dst-jpg_s150x150&_nc_ht=instagram.fblr1-5.fna.fbcdn.net&_nc_cat=111&_nc_ohc=2b1tneoJ8kAAX9rg_jV&edm=AOG-cTkBAAAA&ccb=7-5&oh=00_AfAPLOr7W1ceiKJ29OSr4R4w6cMLk3-PxRzn1eAUad2Vow&oe=638E1773&_nc_sid=282b66,false
37201520198,karthik.hyk,Karthik Hy,https://instagram.fblr1-6.fna.fbcdn.net/v/t51.2885-19/311590418_1170831523545372_2734564093847726295_n.jpg?stp=dst-jpg_s150x150&_nc_ht=instagram.fblr1-6.fna.fbcdn.net&_nc_cat=100&_nc_ohc=_PCkt9sghXkAX9q-9Kw&edm=AOG-cTkBAAAA&ccb=7-5&oh=00_AfDEjKgfrVZTdfjDwvLKG21kMjm7fPM8yGboIzGtlh4bhQ&oe=638E8088&_nc_sid=282b66,false
54147681352,anwi_taylors_version,Anwita,https://instagram.fblr1-6.fna.fbcdn.net/v/t51.2885-19/308684758_659598362203120_2836250842452934948_n.jpg?stp=dst-jpg_s150x150&_nc_ht=instagram.fblr1-6.fna.fbcdn.net&_nc_cat=104&_nc_ohc=weuWaZER_FwAX9IzG_7&edm=AOG-cTkBAAAA&ccb=7-5&oh=00_AfBClPbtZOOAtXRUTpY_KYiK8iGvj-PWAcaBYB49hjUIDA&oe=638F50C1&_nc_sid=282b66,false
1926553852,bipin_reddyy,Bipin Reddy,https://instagram.fblr1-5.fna.fbcdn.net/v/t51.2885-19/317211248_1449750108846179_1042164527177759777_n.jpg?stp=dst-jpg_s150x150&_nc_ht=instagram.fblr1-5.fna.fbcdn.net&_nc_cat=111&_nc_ohc=uutThsDVefMAX95Tvna&edm=AOG-cTkBAAAA&ccb=7-5&oh=00_AfCMhFOFQ0eoVS9GgdXkDY0at8q_FVV0sO8BGc_ieO98KQ&oe=638ED201&_nc_sid=282b66,false
55067697636,defnotharshinii_,,https://instagram.fhkg10-1.fna.fbcdn.net/v/t51.2885-19/44884218_345707102882519_2446069589734326272_n.jpg?_nc_ht=instagram.fhkg10-1.fna.fbcdn.net&_nc_cat=1&_nc_ohc=v6hG0j-H7LQAX8ZVwRQ&edm=ABmJApABAAAA&ccb=7-5&ig_cache_key=YW5vbnltb3VzX3Byb2ZpbGVfcGlj.2-ccb7-5&oh=00_AfAIosAHz3ydA32ndG6AFGHJMBJKk-gseZlqQeZ-ktbbwQ&oe=638EA58F&_nc_sid=6136e7,false
52581324691,gauthami9045,G_A_U_T_H_A_M_I,https://instagram.fblr1-6.fna.fbcdn.net/v/t51.2885-19/308638036_409097608064836_2690720520173334181_n.jpg?stp=dst-jpg_s150x150&_nc_ht=instagram.fblr1-6.fna.fbcdn.net&_nc_cat=104&_nc_ohc=44WHqqIGIqQAX_1gUCi&edm=AOG-cTkBAAAA&ccb=7-5&oh=00_AfBAKDTxMn-VbrP4uw8nFsWWRLzKHBR-tblYAE7I7SMpAA&oe=638F4CEB&_nc_sid=282b66,false
53154639647,prapti_spammmm,Prapti,https://instagram.fblr1-3.fna.fbcdn.net/v/t51.2885-19/312139729_171453065479185_2396721849332293372_n.jpg?stp=dst-jpg_s150x150&_nc_ht=instagram.fblr1-3.fna.fbcdn.net&_nc_cat=109&_nc_ohc=38-PAI2q7hQAX-Sxijw&edm=AOG-cTkBAAAA&ccb=7-5&oh=00_AfCvHDR3guwlwQdCtNjLdzwzX22X-P_C0o9VQnrY2udEhQ&oe=638F61B3&_nc_sid=282b66,false
53240276687,shriya_shamanth,Shriya Shamanth,https://instagram.fblr1-7.fna.fbcdn.net/v/t51.2885-19/308663996_1750929578603646_8087136737600499555_n.jpg?stp=dst-jpg_s150x150&_nc_ht=instagram.fblr1-7.fna.fbcdn.net&_nc_cat=106&_nc_ohc=0cgo-Yvqvo4AX9BSRWb&edm=AOG-cTkBAAAA&ccb=7-5&oh=00_AfCRzj4-6Lrv_OdbOkL8H9F1TwKSjcbFYuGl-YG2HSHJog&oe=638F807D&_nc_sid=282b66,false
54831724565,anuradha_k10,Anuradha,https://instagram.fblr1-7.fna.fbcdn.net/v/t51.2885-19/309140370_1224080218170007_7043105841725241220_n.jpg?stp=dst-jpg_s150x150&_nc_ht=instagram.fblr1-7.fna.fbcdn.net&_nc_cat=107&_nc_ohc=2-ks6jj-hjcAX_j3HI3&tn=--Ge7KL69NO6cS5R&edm=AOG-cTkBAAAA&ccb=7-5&oh=00_AfAW3tKm9T1UYxCWmQRI3k0pRwVcr_4yRo1H3dsfZ4xaLg&oe=638F0CE3&_nc_sid=282b66,false
54836099118,nottellingyou0987,Nottellingyou,https://instagram.fhkg10-1.fna.fbcdn.net/v/t51.2885-19/44884218_345707102882519_2446069589734326272_n.jpg?_nc_ht=instagram.fhkg10-1.fna.fbcdn.net&_nc_cat=1&_nc_ohc=v6hG0j-H7LQAX8ZVwRQ&edm=ABmJApABAAAA&ccb=7-5&ig_cache_key=YW5vbnltb3VzX3Byb2ZpbGVfcGlj.2-ccb7-5&oh=00_AfAIosAHz3ydA32ndG6AFGHJMBJKk-gseZlqQeZ-ktbbwQ&oe=638EA58F&_nc_sid=6136e7,false
51543615073,iamyour.euphoria,ùì¢ùìªùì≤ùìºùì±ùìΩùì≤ ùì£ùìÆùîÄùì™ùìªùì≤,https://instagram.fblr1-3.fna.fbcdn.net/v/t51.2885-19/274414162_3167091833566017_2237174930226949726_n.jpg?stp=dst-jpg_s150x150&_nc_ht=instagram.fblr1-3.fna.fbcdn.net&_nc_cat=109&_nc_ohc=l3KJpzaXNpgAX_NQMc4&tn=--Ge7KL69NO6cS5R&edm=AOG-cTkBAAAA&ccb=7-5&oh=00_AfC0Wo-LQK0t4-FY_YrUwCnRUacjNheBUEVaHUnKIKm16g&oe=638FC37C&_nc_sid=282b66,false
51379745484,areshiaidriss_san,Anika Sharma,https://instagram.fblr1-3.fna.fbcdn.net/v/t51.2885-19/299022035_791614205173329_209485855923353545_n.jpg?stp=dst-jpg_s150x150&_nc_ht=instagram.fblr1-3.fna.fbcdn.net&_nc_cat=109&_nc_ohc=DdS8X5WNHVAAX8NYQTr&edm=AOG-cTkBAAAA&ccb=7-5&oh=00_AfD-VCQZeVvi-djeFc1_heyqTTBi49Pu17FEfMQfPFeSuA&oe=638EFD1B&_nc_sid=282b66,false
44521001288,sash_718,Sashank Rajesh,https://instagram.fblr1-6.fna.fbcdn.net/v/t51.2885-19/315231648_210978184611314_2117570191057799400_n.jpg?stp=dst-jpg_s150x150&_nc_ht=instagram.fblr1-6.fna.fbcdn.net&_nc_cat=102&_nc_ohc=FjRqRuu5aEkAX_UTelc&edm=AOG-cTkBAAAA&ccb=7-5&oh=00_AfDerhJzAhi3T4O8D71GyEivGti9_GPQRxB9aU2Istp_4Q&oe=638EA6A9&_nc_sid=282b66,false
54733284135,jaswanth_reddy_1899,Jaswanth reddy,https://instagram.fblr1-6.fna.fbcdn.net/v/t51.2885-19/299230905_169200682337044_7128413958118440935_n.jpg?stp=dst-jpg_s150x150&_nc_ht=instagram.fblr1-6.fna.fbcdn.net&_nc_cat=104&_nc_ohc=pDytPVk3sikAX8W5kqc&edm=AOG-cTkBAAAA&ccb=7-5&oh=00_AfDjPVVKcW0Dupl5JJFhwPx2TOoV4WtZBKGJqRl7tROhiA&oe=638E4A64&_nc_sid=282b66,false
11789801801,adhiraj1005,Adhiraj Singh,https://instagram.fblr1-6.fna.fbcdn.net/v/t51.2885-19/309288617_422396786637014_736592032945235218_n.jpg?stp=dst-jpg_s150x150&_nc_ht=instagram.fblr1-6.fna.fbcdn.net&_nc_cat=102&_nc_ohc=A5TeJbezLXMAX_-6RG7&edm=AOG-cTkBAAAA&ccb=7-5&oh=00_AfCZG_I9W-9FuPrXbcCRRB2aEWJRgkexi5GI6HuixC3tow&oe=638F805D&_nc_sid=282b66,false
53814132324,shilpalokesha16,Shilpa Lokesha,https://instagram.fblr1-6.fna.fbcdn.net/v/t51.2885-19/287041794_136475215705168_8516598946180739622_n.jpg?stp=dst-jpg_s150x150&_nc_ht=instagram.fblr1-6.fna.fbcdn.net&_nc_cat=104&_nc_ohc=3GtLZ2n0uCgAX8RbX21&edm=AOG-cTkBAAAA&ccb=7-5&oh=00_AfAaH2Xebr8betekDTOQI4YJl2F3EocKFpulOqspaNKLgg&oe=638E4DCB&_nc_sid=282b66,false
54621435057,khanak._.gohar,Khanakkk ‚ô°,https://instagram.fblr1-7.fna.fbcdn.net/v/t51.2885-19/301488354_801689144607439_5827274756963766411_n.jpg?stp=dst-jpg_s150x150&_nc_ht=instagram.fblr1-7.fna.fbcdn.net&_nc_cat=107&_nc_ohc=AjptOjNMBecAX8LTSTv&tn=--Ge7KL69NO6cS5R&edm=AOG-cTkBAAAA&ccb=7-5&oh=00_AfAkDDjjXk1a5dH5Pe3Ew6ees4KE8o8Z8h1v-9nemsmQJQ&oe=638EF604&_nc_sid=282b66,false
4897695897,keeku2004,k e e k uü¶ã,https://instagram.fblr1-5.fna.fbcdn.net/v/t51.2885-19/315551492_568542261940834_786405012080739182_n.jpg?stp=dst-jpg_s150x150&_nc_ht=instagram.fblr1-5.fna.fbcdn.net&_nc_cat=110&_nc_ohc=k21200gZjZAAX9Sgz3p&edm=AOG-cTkBAAAA&ccb=7-5&oh=00_AfAGI1fAlPkCuEGneIjeCpx1doL1Zz2U7Cju_HhH3aJ2XQ&oe=638FF0F5&_nc_sid=282b66,false
46031961790,advait_reddy8919,,https://instagram.fblr1-6.fna.fbcdn.net/v/t51.2885-19/313903534_930990181262030_8852963926603013521_n.jpg?stp=dst-jpg_s150x150&_nc_ht=instagram.fblr1-6.fna.fbcdn.net&_nc_cat=102&_nc_ohc=pEDTr92DcBcAX-EURod&edm=AOG-cTkBAAAA&ccb=7-5&oh=00_AfBqDDsBd5-0Od7_v0FuiCF4qad1MaLNVSPby09JdGgAAg&oe=638F32B9&_nc_sid=282b66,false
54747990009,itzz_redstone,Advait <33,https://instagram.fblr1-6.fna.fbcdn.net/v/t51.2885-19/311015969_126468296675210_2110188982315374832_n.jpg?stp=dst-jpg_s150x150&_nc_ht=instagram.fblr1-6.fna.fbcdn.net&_nc_cat=102&_nc_ohc=JocLpmOpzPoAX8IULff&edm=AOG-cTkBAAAA&ccb=7-5&oh=00_AfDQU5EjPjtxh49BZwNtPGgKDohaVxfIGAy_Yn6CqH8Q4g&oe=638FF9EA&_nc_sid=282b66,false
52614447757,kyrv_m_,Kyra‚ú©,https://instagram.fblr1-6.fna.fbcdn.net/v/t51.2885-19/314349249_130482743121856_449356220562669342_n.jpg?stp=dst-jpg_s150x150&_nc_ht=instagram.fblr1-6.fna.fbcdn.net&_nc_cat=104&_nc_ohc=9Ul71x5B_b4AX_pZv-A&edm=AOG-cTkBAAAA&ccb=7-5&oh=00_AfAhbKW5C8B__6pR7X-9rhL_DSvB4KOlbSsGm-LpddR1mw&oe=638FA800&_nc_sid=282b66,false
48661318997,_ssiawa,Sia,https://instagram.fblr1-6.fna.fbcdn.net/v/t51.2885-19/309286909_1483368735472516_311950313838652207_n.jpg?stp=dst-jpg_s150x150&_nc_ht=instagram.fblr1-6.fna.fbcdn.net&_nc_cat=104&_nc_ohc=IrqTJHwpmwMAX-cf5Yx&edm=AOG-cTkBAAAA&ccb=7-5&oh=00_AfAfaCKkm59or7imYz-2yG9uTzUgfhd-FOO-108TKakBxQ&oe=638E1B51&_nc_sid=282b66,false
54394351128,jeeezus_bejeezus,,https://scontent-sin6-3.cdninstagram.com/v/t51.2885-19/44884218_345707102882519_2446069589734326272_n.jpg?_nc_ht=scontent-sin6-3.cdninstagram.com&_nc_cat=1&_nc_ohc=v6hG0j-H7LQAX-Nqb0a&edm=ANmP7GQBAAAA&ccb=7-5&ig_cache_key=YW5vbnltb3VzX3Byb2ZpbGVfcGlj.2-ccb7-5&oh=00_AfCuusHlvQSPAPAGoNe-_OKKpPBOQJUjnNv4OyUiotbZ3Q&oe=638EA58F&_nc_sid=276363,false
54391790049,aarav_k107,Aarav Khanduri,https://instagram.fblr1-6.fna.fbcdn.net/v/t51.2885-19/312136764_154364050264740_1726843847970050706_n.jpg?stp=dst-jpg_s150x150&_nc_ht=instagram.fblr1-6.fna.fbcdn.net&_nc_cat=100&_nc_ohc=tWnVB0r82V0AX8iJQ6G&edm=AOG-cTkBAAAA&ccb=7-5&oh=00_AfAjDWdAuS5XL81lT2LcM8m6eyLyFpzidh0dmrzN5eSVPQ&oe=638E403E&_nc_sid=282b66,false
52279157700,sree_scv99,Sreelakshmi,https://instagram.fblr1-7.fna.fbcdn.net/v/t51.2885-19/314553469_823330528914061_2538761812431751950_n.jpg?stp=dst-jpg_s150x150&_nc_ht=instagram.fblr1-7.fna.fbcdn.net&_nc_cat=101&_nc_ohc=U-qlSp7AwFYAX8zrVA3&tn=--Ge7KL69NO6cS5R&edm=AOG-cTkBAAAA&ccb=7-5&oh=00_AfB6MAyV15SDb6y3XOTqdSxlOCLuZs6TyTJtEteAI0pG6g&oe=638E432B&_nc_sid=282b66,false
54355583404,itz_____me_k______k,Karthik,https://instagram.fblr1-5.fna.fbcdn.net/v/t51.2885-19/310669417_648194353548423_4072103392257731563_n.jpg?stp=dst-jpg_s150x150&_nc_ht=instagram.fblr1-5.fna.fbcdn.net&_nc_cat=103&_nc_ohc=NXnANWwMyNMAX8IQiHi&tn=--Ge7KL69NO6cS5R&edm=AOG-cTkBAAAA&ccb=7-5&oh=00_AfDS9w4bOTQhfIpz6Rr1I9MC8zhOF45kZpWP-3uTh8fGAg&oe=638F967A&_nc_sid=282b66,false
5801412145,narkhede_ajinkya,Ajinkya Narkhede,https://instagram.fblr1-4.fna.fbcdn.net/v/t51.2885-19/317324517_583271583607784_783114845537718046_n.jpg?stp=dst-jpg_s150x150&_nc_ht=instagram.fblr1-4.fna.fbcdn.net&_nc_cat=108&_nc_ohc=3wVv7jHREfMAX-SPMST&edm=AOG-cTkBAAAA&ccb=7-5&oh=00_AfB8gKPabqjWWtwCWDPFdXMPAgE0PB0fjNSuPvUiH2YIRw&oe=638E80EA&_nc_sid=282b66,false
53361265382,my.fentanyl.whore,aisha wtf,https://instagram.fblr1-5.fna.fbcdn.net/v/t51.2885-19/310451619_220406200316111_5127388104692288854_n.jpg?stp=dst-jpg_s150x150&_nc_ht=instagram.fblr1-5.fna.fbcdn.net&_nc_cat=111&_nc_ohc=CJ1DnM3pn4AAX9jXDD-&edm=AOG-cTkBAAAA&ccb=7-5&oh=00_AfDF7-s5Y3ter20UrMLYDspkGkFRbsXI6H43YG1OJZDBXQ&oe=638E38E6&_nc_sid=282b66,false
53737769920,ft.maanuu,Maanvi,https://instagram.fblr1-5.fna.fbcdn.net/v/t51.2885-19/316349156_2228857957288271_3785396529835355325_n.jpg?stp=dst-jpg_s150x150&_nc_ht=instagram.fblr1-5.fna.fbcdn.net&_nc_cat=111&_nc_ohc=vz-dSmlNiH8AX9TKNMB&edm=AOG-cTkBAAAA&ccb=7-5&oh=00_AfDuFtHRpFs2Tn0rIu6oojJRGpQdKOoPTN8pncTOBJWFuA&oe=638EB9BC&_nc_sid=282b66,false
50356021951,breezandnow,,https://scontent-sin6-3.cdninstagram.com/v/t51.2885-19/44884218_345707102882519_2446069589734326272_n.jpg?_nc_ht=scontent-sin6-3.cdninstagram.com&_nc_cat=1&_nc_ohc=v6hG0j-H7LQAX-Nqb0a&edm=ANmP7GQBAAAA&ccb=7-5&ig_cache_key=YW5vbnltb3VzX3Byb2ZpbGVfcGlj.2-ccb7-5&oh=00_AfCuusHlvQSPAPAGoNe-_OKKpPBOQJUjnNv4OyUiotbZ3Q&oe=638EA58F&_nc_sid=276363,false
54171267423,_aryxn.07,Aryan,https://instagram.fblr1-5.fna.fbcdn.net/v/t51.2885-19/313888422_860868291949427_1731474896816423385_n.jpg?stp=dst-jpg_s150x150&_nc_ht=instagram.fblr1-5.fna.fbcdn.net&_nc_cat=111&_nc_ohc=-VSTvulP0LoAX_U55Vn&edm=AOG-cTkBAAAA&ccb=7-5&oh=00_AfCoHFm41USCZk7K0Y5gearEhF7FB2nXdVv44BqNtoK6cQ&oe=638E1BA6&_nc_sid=282b66,false
39477812874,_merando_,-,https://instagram.fblr1-5.fna.fbcdn.net/v/t51.2885-19/272693401_311641784243903_4218824592283952757_n.jpg?_nc_ht=instagram.fblr1-5.fna.fbcdn.net&_nc_cat=111&_nc_ohc=OXvaRjWbscAAX-vlnry&tn=--Ge7KL69NO6cS5R&edm=AOG-cTkBAAAA&ccb=7-5&oh=00_AfCnqDqZlSmgNOsPBCH3XAskn_g6OzzAgHhQ9bBoIKprjg&oe=638F04EF&_nc_sid=282b66,false
2213342493,vipanchi4,Vipanchi Vipu M,https://instagram.fblr1-4.fna.fbcdn.net/v/t51.2885-19/274010762_510929083946636_7215792427435294924_n.jpg?stp=dst-jpg_s150x150&_nc_ht=instagram.fblr1-4.fna.fbcdn.net&_nc_cat=108&_nc_ohc=pN9RU-lzh2AAX-1p7VT&tn=--Ge7KL69NO6cS5R&edm=AOG-cTkBAAAA&ccb=7-5&oh=00_AfCgAEoB8COSQgamstebo99WHoYk92lM2DkigGxI78sdyw&oe=638F41C2&_nc_sid=282b66,false
53106678212,baess612,,https://scontent-sin6-3.cdninstagram.com/v/t51.2885-19/44884218_345707102882519_2446069589734326272_n.jpg?_nc_ht=scontent-sin6-3.cdninstagram.com&_nc_cat=1&_nc_ohc=v6hG0j-H7LQAX-Nqb0a&edm=ANmP7GQBAAAA&ccb=7-5&ig_cache_key=YW5vbnltb3VzX3Byb2ZpbGVfcGlj.2-ccb7-5&oh=00_AfCuusHlvQSPAPAGoNe-_OKKpPBOQJUjnNv4OyUiotbZ3Q&oe=638EA58F&_nc_sid=276363,false
52957358829,amaan_8264,amaan,https://instagram.fblr1-5.fna.fbcdn.net/v/t51.2885-19/300549714_466607935100523_5676510926155605449_n.jpg?stp=dst-jpg_s150x150&_nc_ht=instagram.fblr1-5.fna.fbcdn.net&_nc_cat=103&_nc_ohc=XXS95CScjCAAX-qi3-h&edm=AOG-cTkBAAAA&ccb=7-5&oh=00_AfBwXoL3ohyvjjo4JqHfw0JfP6Ee07U9Qz69O1Te3HPI2g&oe=638F60F3&_nc_sid=282b66,false
40632350804,the_tarastore,,https://instagram.fblr1-7.fna.fbcdn.net/v/t51.2885-19/271217852_453854186149333_5364579745053786933_n.jpg?stp=dst-jpg_s150x150&_nc_ht=instagram.fblr1-7.fna.fbcdn.net&_nc_cat=101&_nc_ohc=pZ08RnAV5-AAX9b8ihZ&edm=AOG-cTkBAAAA&ccb=7-5&oh=00_AfDxHrXmcf_EFGVyWrQrxKRv7ftppf-THHBKeXmj_wWgvg&oe=638E515C&_nc_sid=282b66,false
49029633477,omega_gaming001,Adi,https://instagram.fblr1-7.fna.fbcdn.net/v/t51.2885-19/235537975_4267326180053941_7874401201049001433_n.jpg?stp=dst-jpg_s150x150&_nc_ht=instagram.fblr1-7.fna.fbcdn.net&_nc_cat=101&_nc_ohc=wxP_nVCxSzEAX86EySH&edm=AOG-cTkBAAAA&ccb=7-5&oh=00_AfB2iSR9TIFTEkHXOgEfVJhynd0RxrYQwlkpGTRyCPoPQA&oe=638EB7EC&_nc_sid=282b66,false
53395187387,anvika_marpuri,AnvikaMarpuri,https://instagram.fblr1-6.fna.fbcdn.net/v/t51.2885-19/298225388_174344128459372_1949509011769235135_n.jpg?stp=dst-jpg_s150x150&_nc_ht=instagram.fblr1-6.fna.fbcdn.net&_nc_cat=104&_nc_ohc=Mfh0ccXi6o4AX8XTu93&edm=AOG-cTkBAAAA&ccb=7-5&oh=00_AfDCAD-X4AOMtLF8eTC1WwLLZGueuajhD0UdPOxEL8T-XA&oe=638F6B0F&_nc_sid=282b66,false
38587328655,notkuhu,kuhu <$,https://instagram.fblr1-4.fna.fbcdn.net/v/t51.2885-19/311201897_775323013556300_6076834541673123124_n.jpg?stp=dst-jpg_s150x150&_nc_ht=instagram.fblr1-4.fna.fbcdn.net&_nc_cat=108&_nc_ohc=sh4HXLp5JgEAX9UMXQU&edm=AOG-cTkBAAAA&ccb=7-5&oh=00_AfB-lD099S3ORSEL3FczZaHeToqmCXEUd3e-XhYh3vgyEQ&oe=638F6750&_nc_sid=282b66,false
29634641963,dhwani_kohli,dhwani,https://instagram.fblr1-5.fna.fbcdn.net/v/t51.2885-19/308511378_635250148230551_9068258661378065232_n.jpg?stp=dst-jpg_s150x150&_nc_ht=instagram.fblr1-5.fna.fbcdn.net&_nc_cat=111&_nc_ohc=oqrq1o6sIbkAX8fVbrP&edm=AOG-cTkBAAAA&ccb=7-5&oh=00_AfBWnSNEK1Wb0xQfyirynRgBpqhTl5_jTmKkG3Evn6ns3A&oe=638EDD88&_nc_sid=282b66,false
52889242218,aarushi_kalita123,Aarushi,https://instagram.fblr1-7.fna.fbcdn.net/v/t51.2885-19/301655625_161160583171759_9017340118994013770_n.jpg?stp=dst-jpg_s150x150&_nc_ht=instagram.fblr1-7.fna.fbcdn.net&_nc_cat=107&_nc_ohc=nkyQqxAWa0YAX-gX6TO&tn=--Ge7KL69NO6cS5R&edm=AOG-cTkBAAAA&ccb=7-5&oh=00_AfCI1X2pF2lrU2LrwbV2zjDx02QoqEhs9mD9dJbjHbMLdg&oe=638E0B32&_nc_sid=282b66,false
46252637631,mohali_manpreet11,MANPREET SINGH,https://instagram.fblr1-5.fna.fbcdn.net/v/t51.2885-19/310114148_1270198250423631_5304126069889373804_n.jpg?stp=dst-jpg_s150x150&_nc_ht=instagram.fblr1-5.fna.fbcdn.net&_nc_cat=103&_nc_ohc=ihMvnCHTDycAX9FaKJN&edm=AOG-cTkBAAAA&ccb=7-5&oh=00_AfAhG4lCQgEeTkbZ3Cr_FWIqpCSqDuCDLWsRZlkdHEKgpQ&oe=638E8F58&_nc_sid=282b66,false
54013152788,the_sketchezzzz,The_Sketchezzzz,https://instagram.fblr1-5.fna.fbcdn.net/v/t51.2885-19/287104655_539225304349102_8172087238004925700_n.jpg?stp=dst-jpg_s150x150&_nc_ht=instagram.fblr1-5.fna.fbcdn.net&_nc_cat=110&_nc_ohc=-8V84XxqalYAX9FTIbk&edm=AOG-cTkBAAAA&ccb=7-5&oh=00_AfCgym0OASIX3MZeAYkq_nLUBpU4Hh2qfyVgAWMP7apPEA&oe=638E4584&_nc_sid=282b66,false
52693172678,notprapti_18,Prapti ‚òï,https://instagram.fblr1-4.fna.fbcdn.net/v/t51.2885-19/316053950_847490856268217_5613960311549907009_n.jpg?stp=dst-jpg_s150x150&_nc_ht=instagram.fblr1-4.fna.fbcdn.net&_nc_cat=105&_nc_ohc=21ywJmfFRo4AX-NlZ_2&edm=AOG-cTkBAAAA&ccb=7-5&oh=00_AfBYVqFYIO-gcbphlxjqAMsTjjCAf-rBzLrvAzs7D4fpvA&oe=638ED6F8&_nc_sid=282b66,false
53064026062,manikfr,manik b,https://instagram.fblr1-4.fna.fbcdn.net/v/t51.2885-19/278308867_261125269562768_4370213642772340571_n.jpg?stp=dst-jpg_s150x150&_nc_ht=instagram.fblr1-4.fna.fbcdn.net&_nc_cat=108&_nc_ohc=4LKVqwEbvW4AX8A4eT1&edm=AOG-cTkBAAAA&ccb=7-5&oh=00_AfCGDVaJPnkal_nPNh8P0fQe_JavziknNhv8Y2NBTZiAfg&oe=638ED95E&_nc_sid=282b66,false
6033551227,___syydd,‚óâ‚úø‚ô°,https://instagram.fblr1-7.fna.fbcdn.net/v/t51.2885-19/316887033_467453085498601_746014992328503149_n.jpg?stp=dst-jpg_s150x150&_nc_ht=instagram.fblr1-7.fna.fbcdn.net&_nc_cat=101&_nc_ohc=JVb8A4WZNY4AX9e17kh&edm=AOG-cTkBAAAA&ccb=7-5&oh=00_AfAwKyNFlj_RdKfkkbwTq0cpu3z_qUSSJfehP0fpwtwvJw&oe=638E9012&_nc_sid=282b66,false
53935475789,_hansini_23,hansini,https://instagram.fblr1-6.fna.fbcdn.net/v/t51.2885-19/315420938_647526290147294_5574077781346627870_n.jpg?stp=dst-jpg_s150x150&_nc_ht=instagram.fblr1-6.fna.fbcdn.net&_nc_cat=102&_nc_ohc=p1Ary5k_IJoAX_ZeMDn&edm=AOG-cTkBAAAA&ccb=7-5&oh=00_AfAdwlMAlCWHv4tULHDXs85DfCHtJEZ-hHb9MNhpcF20VA&oe=638E7B74&_nc_sid=282b66,false
39003831507,___viesta,aisha,https://instagram.fblr1-4.fna.fbcdn.net/v/t51.2885-19/316773144_944204653219481_5186364791658765504_n.jpg?stp=dst-jpg_s150x150&_nc_ht=instagram.fblr1-4.fna.fbcdn.net&_nc_cat=105&_nc_ohc=kvHM0gjgRK8AX-jTWya&edm=AOG-cTkBAAAA&ccb=7-5&oh=00_AfAnUsXQxhKkfN5thIjMmbHZC_nyUhS4MlW9nFcnUSbCYQ&oe=638EF630&_nc_sid=282b66,false
48697666904,riyashivram1778,Riya Shivram,https://instagram.fblr1-6.fna.fbcdn.net/v/t51.2885-19/316157714_5527663707346108_4607418355917691622_n.jpg?stp=dst-jpg_s150x150&_nc_ht=instagram.fblr1-6.fna.fbcdn.net&_nc_cat=104&_nc_ohc=0eRoAIFuqM4AX9CHNP9&tn=--Ge7KL69NO6cS5R&edm=AOG-cTkBAAAA&ccb=7-5&oh=00_AfCS4Zi3SixgH632o99uGr-Sd-UCiCmuNia9hiGvmy9RFQ&oe=638E2036&_nc_sid=282b66,false
49949355681,pavaniii__09,,https://instagram.fblr1-6.fna.fbcdn.net/v/t51.2885-19/312354175_163392666327686_1722814528505732259_n.jpg?stp=dst-jpg_s150x150&_nc_ht=instagram.fblr1-6.fna.fbcdn.net&_nc_cat=102&_nc_ohc=wdvoCDSptKsAX96kCBL&edm=AOG-cTkBAAAA&ccb=7-5&oh=00_AfC4c8vZ-qY-FNBDl5277LasXJtGPQQoLH9miQYIXhGJXQ&oe=638ECC08&_nc_sid=282b66,false
52321255987,anwesha_soneja,Anwesha Soneja,https://instagram.fblr1-5.fna.fbcdn.net/v/t51.2885-19/275065495_1099506257284463_4522011404777672028_n.jpg?stp=dst-jpg_s150x150&_nc_ht=instagram.fblr1-5.fna.fbcdn.net&_nc_cat=111&_nc_ohc=hHJxPk-6kzsAX9FKtBp&edm=AOG-cTkBAAAA&ccb=7-5&oh=00_AfBSZtwej3x6IZL5dPmnFXpdx2I54h_PSxtjOe9cPoGrrA&oe=638F46A1&_nc_sid=282b66,false
27182872621,aanya.kapoor14,Aanya,https://instagram.fblr1-5.fna.fbcdn.net/v/t51.2885-19/312340675_634234901675638_568676223352091109_n.jpg?stp=dst-jpg_s150x150&_nc_ht=instagram.fblr1-5.fna.fbcdn.net&_nc_cat=110&_nc_ohc=boIuDyOama8AX_cMwOF&edm=AOG-cTkBAAAA&ccb=7-5&oh=00_AfCUwGdxCk62pwYyz6ijrgQgq0HrqulMt7Zxbr3FVyCs_A&oe=638E0B3D&_nc_sid=282b66,false
53564371443,riskonaaa,Rishonaü´∂,https://instagram.fblr1-3.fna.fbcdn.net/v/t51.2885-19/315977479_528458662480401_5553480178953972841_n.jpg?stp=dst-jpg_s150x150&_nc_ht=instagram.fblr1-3.fna.fbcdn.net&_nc_cat=109&_nc_ohc=KehYqToeMYoAX8iViGE&edm=AOG-cTkBAAAA&ccb=7-5&oh=00_AfChlaAu35hj1-4zqyYHAd-PeWlRkrk0czX5060Ti7SLLA&oe=638F175C&_nc_sid=282b66,false
49297416337,saishubhaam.sanghi,sai_07,https://instagram.fblr1-4.fna.fbcdn.net/v/t51.2885-19/312324381_8270049833069309_1821254789546409544_n.jpg?stp=dst-jpg_s150x150&_nc_ht=instagram.fblr1-4.fna.fbcdn.net&_nc_cat=105&_nc_ohc=obGwD2K-99MAX_Xilc1&edm=AOG-cTkBAAAA&ccb=7-5&oh=00_AfD3mWiHAHkpMJGwFgxnWdemFuPL5lGmbRYHHvQh3ehAIA&oe=638FD0E0&_nc_sid=282b66,false
53705317891,mataio_69,mataio gasper huxley,https://instagram.fblr1-4.fna.fbcdn.net/v/t51.2885-19/291773258_1339624926561356_2268933041905503286_n.jpg?stp=dst-jpg_s150x150&_nc_ht=instagram.fblr1-4.fna.fbcdn.net&_nc_cat=108&_nc_ohc=SFSii0yGKHEAX8xgoqB&edm=AOG-cTkBAAAA&ccb=7-5&oh=00_AfCsj5OjamU4-TdLTY3apt5Ve_6qWlE4fzQCi7jwj3MLIQ&oe=638EC287&_nc_sid=282b66,false
54268779261,fwjanya,Janya ü§û,https://instagram.fblr1-5.fna.fbcdn.net/v/t51.2885-19/310796123_435393018724191_8646821869759243319_n.jpg?stp=dst-jpg_s150x150&_nc_ht=instagram.fblr1-5.fna.fbcdn.net&_nc_cat=103&_nc_ohc=QaFv-mf2gjgAX_vOSJu&edm=AOG-cTkBAAAA&ccb=7-5&oh=00_AfAmSEhodaOKzEVPq1PQJE-BWxQcW0AlbKd8Y-L2AdaAXA&oe=638E2E82&_nc_sid=282b66,false
54276434835,ad8t_i,aditi basak,https://instagram.fblr1-7.fna.fbcdn.net/v/t51.2885-19/292022426_447302850242743_707839426361443829_n.jpg?stp=dst-jpg_s150x150&_nc_ht=instagram.fblr1-7.fna.fbcdn.net&_nc_cat=107&_nc_ohc=gNJWWGMhygQAX-ztXCw&edm=AOG-cTkBAAAA&ccb=7-5&oh=00_AfDuk8blR9u-w9QyBYiwr_mlQHUL3y98EqPWReJIXObR6g&oe=638EE8A2&_nc_sid=282b66,false
49314483491,sahasralg_,Sahasra,https://instagram.fblr1-5.fna.fbcdn.net/v/t51.2885-19/304355997_594401095602563_5512010310286094214_n.jpg?stp=dst-jpg_s150x150&_nc_ht=instagram.fblr1-5.fna.fbcdn.net&_nc_cat=111&_nc_ohc=WOcc0ghNwQUAX-BQcT8&edm=AOG-cTkBAAAA&ccb=7-5&oh=00_AfAN4dcVfQmQcqB3GTFvA46sNWQ-vV2y3rtsagOvHWcwDQ&oe=638FB855&_nc_sid=282b66,false
49893196985,ananyasiri_pulavarthi_,Ananyaaaaaaaa,https://instagram.fblr1-3.fna.fbcdn.net/v/t51.2885-19/315434830_201158255708517_6581492687836906781_n.jpg?stp=dst-jpg_s150x150&_nc_ht=instagram.fblr1-3.fna.fbcdn.net&_nc_cat=109&_nc_ohc=ejl9f7sHoRwAX8_nuKP&edm=AOG-cTkBAAAA&ccb=7-5&oh=00_AfCjpGSJNp97pUuJ0U6uI9TtxsQyNhzgxcJcuaLd4WwiGQ&oe=638FF228&_nc_sid=282b66,false
45734618533,samgenius22_,Samarth S,https://instagram.fblr1-7.fna.fbcdn.net/v/t51.2885-19/147516445_468342157507087_1692486652312189795_n.jpg?stp=dst-jpg_s150x150&_nc_ht=instagram.fblr1-7.fna.fbcdn.net&_nc_cat=107&_nc_ohc=mAguDD01_4YAX92_1fZ&edm=AOG-cTkBAAAA&ccb=7-5&oh=00_AfBstBuoICzxGfoMYtWVrT3mPwOsQczFyKKQ4kijHyXYgQ&oe=638E33BD&_nc_sid=282b66,false
4170961546,anithababu858,anitha babu,https://scontent-sin6-3.cdninstagram.com/v/t51.2885-19/44884218_345707102882519_2446069589734326272_n.jpg?_nc_ht=scontent-sin6-3.cdninstagram.com&_nc_cat=1&_nc_ohc=v6hG0j-H7LQAX-Nqb0a&edm=ANmP7GQBAAAA&ccb=7-5&ig_cache_key=YW5vbnltb3VzX3Byb2ZpbGVfcGlj.2-ccb7-5&oh=00_AfCuusHlvQSPAPAGoNe-_OKKpPBOQJUjnNv4OyUiotbZ3Q&oe=638EA58F&_nc_sid=276363,false
54069523479,nooshie.spam,nooshies,https://instagram.fblr1-5.fna.fbcdn.net/v/t51.2885-19/290614007_728171505201718_2092986786796707444_n.jpg?stp=dst-jpg_s150x150&_nc_ht=instagram.fblr1-5.fna.fbcdn.net&_nc_cat=110&_nc_ohc=FIu2zyDMnWUAX8bis6N&edm=AOG-cTkBAAAA&ccb=7-5&oh=00_AfB3TxHoWOsFKs7gCP-0amc1S9xHF9Z1VmuhFPfflQm_Bg&oe=638F8679&_nc_sid=282b66,false
39679000431,__aryan.das__,Aryan Das,https://instagram.fblr1-7.fna.fbcdn.net/v/t51.2885-19/286738627_455599963043329_5690531290995383670_n.jpg?stp=dst-jpg_s150x150&_nc_ht=instagram.fblr1-7.fna.fbcdn.net&_nc_cat=101&_nc_ohc=ZOp2VDZB35QAX8ynoJv&edm=AOG-cTkBAAAA&ccb=7-5&oh=00_AfBy0b1fA3oQSY6MCgp-PimQ-ZnhC1O0Tao3FrCfgVsoeQ&oe=638FF7E4&_nc_sid=282b66,false
50218402342,ohshethrifts.in,O ús ú·¥á·¥õ ú Ä…™“ì·¥õs || ·¥õ ú Ä…™“ì·¥õ s·¥õ·¥è Ä·¥á,https://instagram.fblr1-4.fna.fbcdn.net/v/t51.2885-19/247155664_413744420155505_72020246059056664_n.jpg?stp=dst-jpg_s150x150&_nc_ht=instagram.fblr1-4.fna.fbcdn.net&_nc_cat=105&_nc_ohc=dboMcR2JuhMAX8Tp-1d&edm=AOG-cTkBAAAA&ccb=7-5&oh=00_AfCoepANBKze9V6sXh88wxRT_bm4GLTYbDyX5VR1q1ZAZQ&oe=638F51A7&_nc_sid=282b66,false
53176444622,avni_2609,Avni Dalmiya,https://instagram.fblr1-5.fna.fbcdn.net/v/t51.2885-19/310158481_642254694202379_8666824401470202497_n.jpg?stp=dst-jpg_s150x150&_nc_ht=instagram.fblr1-5.fna.fbcdn.net&_nc_cat=111&_nc_ohc=ezVAZXz3MLMAX_gJolH&tn=--Ge7KL69NO6cS5R&edm=AOG-cTkBAAAA&ccb=7-5&oh=00_AfAYFzGNDW91BS3HhDoIA-Dx6vv-HcofrtxPL3ygAsQUPA&oe=638EFF06&_nc_sid=282b66,false
45217326371,anxrudh._,,https://instagram.fblr1-4.fna.fbcdn.net/v/t51.2885-19/310806699_811326486853397_372773162676749942_n.jpg?stp=dst-jpg_s150x150&_nc_ht=instagram.fblr1-4.fna.fbcdn.net&_nc_cat=105&_nc_ohc=hzLRwRp_tfAAX9c2-L2&tn=--Ge7KL69NO6cS5R&edm=AOG-cTkBAAAA&ccb=7-5&oh=00_AfAWS577siJXQ631f_t6wi_en4xd4kF9vkftDKLnmd9BOA&oe=638EC963&_nc_sid=282b66,false
40172764843,aztechx19,Aztech,https://instagram.fblr1-6.fna.fbcdn.net/v/t51.2885-19/117361905_348531412972512_207628125008395925_n.jpg?stp=dst-jpg_s150x150&_nc_ht=instagram.fblr1-6.fna.fbcdn.net&_nc_cat=100&_nc_ohc=boI-kSTUpbIAX-S8T5C&tn=--Ge7KL69NO6cS5R&edm=AOG-cTkBAAAA&ccb=7-5&oh=00_AfBmdufEN_2NQzh27yWqgMuncKapKsPhyaLksrr5QmoYoQ&oe=638F5025&_nc_sid=282b66,false
46276449312,uffflesgoo,,https://instagram.fkul4-4.fna.fbcdn.net/v/t51.2885-19/44884218_345707102882519_2446069589734326272_n.jpg?efg=eyJybWQiOiJpZ19hbmRyb2lkX21vYmlsZV9uZXR3b3JrX3N0YWNrX3dpdGhvdXRfZG5zX2NhY2hlX3FwbDpsaWdlcl9ub19kbnNfY2FjaGUifQ&_nc_ht=instagram.fkul4-4.fna.fbcdn.net&_nc_cat=1&_nc_ohc=v6hG0j-H7LQAX-T3lMs&edm=ANct6CgBAAAA&ccb=7-5&ig_cache_key=YW5vbnltb3VzX3Byb2ZpbGVfcGlj.2-ccb7-5&oh=00_AfC2IAC8shcjW5ZCGbw3b1NAPD3-oj8N7OpS_fTH0F4QJw&oe=638EA58F&_nc_sid=e4e9cf,false
19025322259,_toppedoff,Topped Off,https://instagram.fblr1-5.fna.fbcdn.net/v/t51.2885-19/105969051_3089468877805631_1596032635944986389_n.jpg?stp=dst-jpg_s150x150&_nc_ht=instagram.fblr1-5.fna.fbcdn.net&_nc_cat=111&_nc_ohc=OPc0vgockLQAX9xYRT8&tn=--Ge7KL69NO6cS5R&edm=AOG-cTkBAAAA&ccb=7-5&oh=00_AfAov6z6Wugh1z2Bnp-qrYeWcbh__KFVsjx24zh4UBj9iA&oe=638F5C58&_nc_sid=282b66,false
53681997183,saakshi_25_,Sakshi,https://instagram.fblr1-3.fna.fbcdn.net/v/t51.2885-19/316679527_5337865682979369_821890390193978312_n.jpg?stp=dst-jpg_s150x150&_nc_ht=instagram.fblr1-3.fna.fbcdn.net&_nc_cat=109&_nc_ohc=o2lZAkzl_usAX9vvsbW&tn=--Ge7KL69NO6cS5R&edm=AOG-cTkBAAAA&ccb=7-5&oh=00_AfDTDpxTN2-48GIhl7RcyfFNVBm8mufJGGyz7Bgt-curaA&oe=638E39C6&_nc_sid=282b66,false
49876831686,nandanchaitanya_pvt,Nandan Chaitanya,https://instagram.fblr1-4.fna.fbcdn.net/v/t51.2885-19/309631376_801195947670881_4601946535733827458_n.jpg?stp=dst-jpg_s150x150&_nc_ht=instagram.fblr1-4.fna.fbcdn.net&_nc_cat=105&_nc_ohc=W1XNOoI3e5cAX8isT_4&edm=AOG-cTkBAAAA&ccb=7-5&oh=00_AfDbdCOtKvmcZOqsONFuwABFiNqvCTmURISRv0QoXrXxJg&oe=638EA81B&_nc_sid=282b66,false
48820584666,dhwanigrr,dhwani,https://instagram.fblr1-4.fna.fbcdn.net/v/t51.2885-19/315302260_543244147810181_9216837030315798266_n.jpg?stp=dst-jpg_s150x150&_nc_ht=instagram.fblr1-4.fna.fbcdn.net&_nc_cat=105&_nc_ohc=LKZ1SPyVjbYAX_PK3Bc&edm=AOG-cTkBAAAA&ccb=7-5&oh=00_AfCWkAd9ZTYkV5m6MQRj55CpfCIzeFuVwKW0XOx33aIrUg&oe=638E6950&_nc_sid=282b66,false
53875634633,vansh.poddar8,Vansh Poddar,https://instagram.fblr1-7.fna.fbcdn.net/v/t51.2885-19/309493863_563943665640883_4497711428034385461_n.jpg?stp=dst-jpg_s150x150&_nc_ht=instagram.fblr1-7.fna.fbcdn.net&_nc_cat=107&_nc_ohc=2vAEBnxOO80AX_u5p5q&edm=AOG-cTkBAAAA&ccb=7-5&oh=00_AfD6EtAVStdOzrtLAGz7x-JoMtsapVnkBXsKBXS8wBxCCQ&oe=638EA51E&_nc_sid=282b66,false
44895155455,sumana_art_creations,Sumana Reddy,https://instagram.fblr1-4.fna.fbcdn.net/v/t51.2885-19/128205263_175362594309260_4767512525923637652_n.jpg?stp=dst-jpg_s150x150&_nc_ht=instagram.fblr1-4.fna.fbcdn.net&_nc_cat=108&_nc_ohc=mLTZ7XRMJ9QAX9hNnPk&edm=AOG-cTkBAAAA&ccb=7-5&oh=00_AfCE78Ft3RxxItUbEbbxiCbmatNuGmG08NCRUAPvxwbyfQ&oe=638FABD1&_nc_sid=282b66,false
53810371572,abhijay.adhicaryy,Abhijay ‚öΩ,https://instagram.fblr1-5.fna.fbcdn.net/v/t51.2885-19/306331773_570381931544302_8220040603368886616_n.jpg?stp=dst-jpg_s150x150&_nc_ht=instagram.fblr1-5.fna.fbcdn.net&_nc_cat=110&_nc_ohc=uIquvv6pkVkAX-gGw-5&edm=AOG-cTkBAAAA&ccb=7-5&oh=00_AfAOnveZLATOBRmBgRaux76_YsTqBF12KznDoHCZJzCy9w&oe=638F7BBB&_nc_sid=282b66,false
33211756240,p___reddy__,PR,https://instagram.fkul4-4.fna.fbcdn.net/v/t51.2885-19/44884218_345707102882519_2446069589734326272_n.jpg?efg=eyJybWQiOiJpZ19hbmRyb2lkX21vYmlsZV9uZXR3b3JrX3N0YWNrX3dpdGhvdXRfZG5zX2NhY2hlX3FwbDpsaWdlcl9ub19kbnNfY2FjaGUifQ&_nc_ht=instagram.fkul4-4.fna.fbcdn.net&_nc_cat=1&_nc_ohc=v6hG0j-H7LQAX-T3lMs&edm=ANct6CgBAAAA&ccb=7-5&ig_cache_key=YW5vbnltb3VzX3Byb2ZpbGVfcGlj.2-ccb7-5&oh=00_AfC2IAC8shcjW5ZCGbw3b1NAPD3-oj8N7OpS_fTH0F4QJw&oe=638EA58F&_nc_sid=e4e9cf,false
35610870132,__meth_lsh__,üëëMithileshüëë,https://instagram.fblr1-4.fna.fbcdn.net/v/t51.2885-19/280031415_536261824608572_8085758118794436098_n.jpg?stp=dst-jpg_s150x150&_nc_ht=instagram.fblr1-4.fna.fbcdn.net&_nc_cat=108&_nc_ohc=lCLOF752fQAAX80P5Ri&edm=AOG-cTkBAAAA&ccb=7-5&oh=00_AfBPyJOZr7kcfAqVYloUMghERkbsySOkbD2yjILiwRO54w&oe=638F5A05&_nc_sid=282b66,false
52267501198,_annora_08,Annora,https://instagram.fblr1-4.fna.fbcdn.net/v/t51.2885-19/314511755_532623294954248_3672151669479594684_n.jpg?stp=dst-jpg_s150x150&_nc_ht=instagram.fblr1-4.fna.fbcdn.net&_nc_cat=108&_nc_ohc=H4r3g-YEw7wAX8eOsRe&edm=AOG-cTkBAAAA&ccb=7-5&oh=00_AfB7BgzybMA2hZkLcay18M7kGdIp2ju6oxgGxBpJ1T8jXw&oe=638E7BD7&_nc_sid=282b66,false
34512584744,byshagufta,from my wardrobe to yoursüåªüëó,https://instagram.fblr1-7.fna.fbcdn.net/v/t51.2885-19/292782133_1954355651415499_3936152095172011335_n.jpg?stp=dst-jpg_s150x150&_nc_ht=instagram.fblr1-7.fna.fbcdn.net&_nc_cat=107&_nc_ohc=qU5lxKN99MMAX_g_Nm1&tn=--Ge7KL69NO6cS5R&edm=AOG-cTkBAAAA&ccb=7-5&oh=00_AfCVlacaTNARCs-ltlfMBrKO808veDyt6Lc9gFE1LqpG_w&oe=638FDA6A&_nc_sid=282b66,false
50834190272,ananya._bagh,ƒÅ√±ƒÉ≈à√Ω√•,https://instagram.fblr1-7.fna.fbcdn.net/v/t51.2885-19/288473296_2917686975195079_66983508487465291_n.jpg?stp=dst-jpg_s150x150&_nc_ht=instagram.fblr1-7.fna.fbcdn.net&_nc_cat=107&_nc_ohc=7g9K7VQqz9EAX9_ySi8&edm=AOG-cTkBAAAA&ccb=7-5&oh=00_AfBDAuL1ZRMJtnPM_KNCn9gXDp4ZXWMXygp_UnlxohitLA&oe=638FB0B5&_nc_sid=282b66,false
49504481873,its_me_tanvi_xo,Tanvi,https://instagram.fblr1-5.fna.fbcdn.net/v/t51.2885-19/293623857_162285366328930_5919527896512730619_n.jpg?stp=dst-jpg_s150x150&_nc_ht=instagram.fblr1-5.fna.fbcdn.net&_nc_cat=110&_nc_ohc=ak170KZDKA4AX-t2oSA&edm=AOG-cTkBAAAA&ccb=7-5&oh=00_AfDiriATmpM6bjbwT0dWVqh8jsNjgJSBkkMZTihtEYlU2g&oe=638F94A1&_nc_sid=282b66,false
51821645866,ramareddy5798,Ramareddy,https://instagram.fblr1-3.fna.fbcdn.net/v/t51.2885-19/275714343_945560262824937_5984111107128890440_n.jpg?stp=dst-jpg_s150x150&_nc_ht=instagram.fblr1-3.fna.fbcdn.net&_nc_cat=109&_nc_ohc=1_cVMroZl-8AX8y7RfR&edm=AOG-cTkBAAAA&ccb=7-5&oh=00_AfAuJsDwOKFzGjUsq_e8rwpOKBMVn-ZTng1pr7yuNmLjkg&oe=638E13BB&_nc_sid=282b66,false
52935549995,deadlyroach12,Parth choudhary,https://instagram.fblr1-5.fna.fbcdn.net/v/t51.2885-19/307132172_125256260282111_79512571393139926_n.jpg?stp=dst-jpg_s150x150&_nc_ht=instagram.fblr1-5.fna.fbcdn.net&_nc_cat=111&_nc_ohc=8K9Hf013w3UAX_Yd05k&tn=--Ge7KL69NO6cS5R&edm=AOG-cTkBAAAA&ccb=7-5&oh=00_AfDleko3_FadTEveMGCWAWg1G51_0PsnNaHRPtQvkmp7rQ&oe=638FFE29&_nc_sid=282b66,false
50860309809,navyamehrotra____,Navya Mehrotra,https://instagram.fblr1-3.fna.fbcdn.net/v/t51.2885-19/317253601_474949518037545_7660441641324115530_n.jpg?stp=dst-jpg_s150x150&_nc_ht=instagram.fblr1-3.fna.fbcdn.net&_nc_cat=109&_nc_ohc=HOXoJAR1GGIAX-6_diK&edm=AOG-cTkBAAAA&ccb=7-5&oh=00_AfAXIsnVoVb3WGppKHQ8GVbW8L5edf9REwkF8-1scCT-WA&oe=638E9F9E&_nc_sid=282b66,false
53175045786,spreethir,Spreethi Reddy,https://instagram.fblr1-7.fna.fbcdn.net/v/t51.2885-19/287107027_407078994675697_3703102030078118405_n.jpg?stp=dst-jpg_s150x150&_nc_ht=instagram.fblr1-7.fna.fbcdn.net&_nc_cat=101&_nc_ohc=i3wC-0MjCKQAX_Xb6p7&edm=AOG-cTkBAAAA&ccb=7-5&oh=00_AfA0jewnFtCtRC7t9Lrmmd7sI6kG9NfJIPUhBblBQ6POLQ&oe=638E4684&_nc_sid=282b66,false
48365023732,amourforfashion13,Amourforfashion,https://instagram.fblr1-5.fna.fbcdn.net/v/t51.2885-19/240401219_132731989065598_1615251372083854626_n.jpg?stp=dst-jpg_s150x150&_nc_ht=instagram.fblr1-5.fna.fbcdn.net&_nc_cat=110&_nc_ohc=KbMz1sOmOUcAX90NMW0&edm=AOG-cTkBAAAA&ccb=7-5&oh=00_AfCvxOwbDXNae69NAUqivmvYq9qSkbVW7Ypg0YvRFJ4CfQ&oe=638E3648&_nc_sid=282b66,false
53238084998,ishti_ab,Ishti,https://instagram.fblr1-5.fna.fbcdn.net/v/t51.2885-19/298651811_155771990378602_6505565611233248378_n.jpg?stp=dst-jpg_s150x150&_nc_ht=instagram.fblr1-5.fna.fbcdn.net&_nc_cat=110&_nc_ohc=ZG9B0UCrWR8AX8UZdoI&edm=AOG-cTkBAAAA&ccb=7-5&oh=00_AfB8zZ-lXX0TrJJ7S8ykdJfA27k4azn6WdCCCTIzGD4NWw&oe=638E1D2C&_nc_sid=282b66,false
47805478736,_arya_511,Arya~,https://instagram.fblr1-5.fna.fbcdn.net/v/t51.2885-19/308508115_597057275520658_6781885307926346878_n.jpg?stp=dst-jpg_s150x150&_nc_ht=instagram.fblr1-5.fna.fbcdn.net&_nc_cat=110&_nc_ohc=Z1cfFvAkypMAX8idoi9&edm=AOG-cTkBAAAA&ccb=7-5&oh=00_AfAVkGgWUtEroqstzvkkM0av0aoY10F30bABjE4d0GtoDg&oe=638E83ED&_nc_sid=282b66,false
48121032733,aleesha3105,Aleesha Bhargava,https://instagram.fblr1-7.fna.fbcdn.net/v/t51.2885-19/307544131_119103937450471_5246800026340779937_n.jpg?stp=dst-jpg_s150x150&_nc_ht=instagram.fblr1-7.fna.fbcdn.net&_nc_cat=107&_nc_ohc=i0Imw4lN4eUAX_Rigez&tn=--Ge7KL69NO6cS5R&edm=AOG-cTkBAAAA&ccb=7-5&oh=00_AfAyzNE-hiBaevds0iuKTAYr_XeDKGFbMjrrIBpC2pZYHg&oe=638FE609&_nc_sid=282b66,false
32114572809,_mahithreddy_,,https://instagram.fblr1-4.fna.fbcdn.net/v/t51.2885-19/316745739_208539411597248_3621632868763517138_n.jpg?stp=dst-jpg_s150x150&_nc_ht=instagram.fblr1-4.fna.fbcdn.net&_nc_cat=108&_nc_ohc=BBd1HLHyJTEAX836pbL&edm=AOG-cTkBAAAA&ccb=7-5&oh=00_AfApTY7scBvzWWz-5gFyhvov1Shm3QS15YVlgW95y8GMgw&oe=638E306F&_nc_sid=282b66,false
53561149859,_people_of_southindia,PEOPLE OF SOUTH INDIA,https://instagram.fblr1-5.fna.fbcdn.net/v/t51.2885-19/299437110_114431147929503_7070213008730353188_n.jpg?stp=dst-jpg_s150x150&_nc_ht=instagram.fblr1-5.fna.fbcdn.net&_nc_cat=103&_nc_ohc=Reg_z2jySfcAX__1MBF&edm=AOG-cTkBAAAA&ccb=7-5&oh=00_AfBDiB6kA2C03TplwdAxfSzGJv_rD6rQghQ0YJ-wRYCcFw&oe=638E8158&_nc_sid=282b66,false
49235468865,swarupajayaramareddy,Swarupa Jayarama Reddy,https://instagram.fblr1-7.fna.fbcdn.net/v/t51.2885-19/240207225_5944497788954154_8298101613468313803_n.jpg?stp=dst-jpg_s150x150&_nc_ht=instagram.fblr1-7.fna.fbcdn.net&_nc_cat=106&_nc_ohc=ymmtig42cE0AX_dChgd&edm=AOG-cTkBAAAA&ccb=7-5&oh=00_AfC3CXfYcNvMF7Llv87HK0TI0zwKcOlfkqgWntHhrsZttg&oe=638FE0ED&_nc_sid=282b66,false
52929974199,abilaashbhaskar,Abilaash Bhaskar,https://instagram.fblr1-6.fna.fbcdn.net/v/t51.2885-19/279483691_700097147897200_5800184571574822079_n.jpg?stp=dst-jpg_s150x150&_nc_ht=instagram.fblr1-6.fna.fbcdn.net&_nc_cat=104&_nc_ohc=nBZ0m2SlyYsAX_Xfui1&edm=AOG-cTkBAAAA&ccb=7-5&oh=00_AfAn3UHWGewlj2_oREiYZ9aGjHREjyPJtZpeEGvk60H3eQ&oe=638FB6A2&_nc_sid=282b66,false
3960076059,sandy.sricho,Sandhya Srinivas,https://instagram.fblr1-5.fna.fbcdn.net/v/t51.2885-19/288197220_612181203229571_9016897228071048240_n.jpg?stp=dst-jpg_s150x150&_nc_ht=instagram.fblr1-5.fna.fbcdn.net&_nc_cat=111&_nc_ohc=XNSaXPqqugwAX9isVMt&tn=--Ge7KL69NO6cS5R&edm=AOG-cTkBAAAA&ccb=7-5&oh=00_AfCWbxoVS6hAQOag_pKvl9KxROYFneRhPiV58iRH-vaz5A&oe=638F45C4&_nc_sid=282b66,false
52569358938,nayanika_anoop,ü¶ãdiaryofnayanikaü¶ã,https://instagram.fblr1-6.fna.fbcdn.net/v/t51.2885-19/310516237_791325648585712_5425877884881128626_n.jpg?stp=dst-jpg_s150x150&_nc_ht=instagram.fblr1-6.fna.fbcdn.net&_nc_cat=104&_nc_ohc=5dVY94yMYYwAX_ldnKB&edm=AOG-cTkBAAAA&ccb=7-5&oh=00_AfDcyL9WV1ZgfXPitzreQLPFda9FFiiy2QNueGO5eH21jw&oe=638E1C1B&_nc_sid=282b66,false
53115881583,plinyion,PalaK,https://instagram.fblr1-7.fna.fbcdn.net/v/t51.2885-19/307241791_124476127038403_8134226260874059181_n.jpg?stp=dst-jpg_s150x150&_nc_ht=instagram.fblr1-7.fna.fbcdn.net&_nc_cat=107&_nc_ohc=8crb1GVupRMAX-Op_4A&tn=--Ge7KL69NO6cS5R&edm=AOG-cTkBAAAA&ccb=7-5&oh=00_AfCqEEXyDW5l9vnB2gjuy_fHkxdosXh5TcGExneGLFoEfw&oe=638F3B59&_nc_sid=282b66,false
53577576852,ai_saishi,Ritvik Pree1am,https://instagram.fblr1-6.fna.fbcdn.net/v/t51.2885-19/313227924_648391726739752_1224903711393376822_n.jpg?stp=dst-jpg_s150x150&_nc_ht=instagram.fblr1-6.fna.fbcdn.net&_nc_cat=104&_nc_ohc=MOpgWHWpugcAX8dahl4&tn=--Ge7KL69NO6cS5R&edm=AOG-cTkBAAAA&ccb=7-5&oh=00_AfCOJOB7mUF84Z9713UN9Gw84kZUqOTbqmUJZeuEtLc1Pw&oe=638E97CA&_nc_sid=282b66,false
5884159568,mr_alone.srj43,Sooraj Kashyap,https://instagram.fblr1-5.fna.fbcdn.net/v/t51.2885-19/311493491_1307064073439675_4001049084624169009_n.jpg?stp=dst-jpg_s150x150&_nc_ht=instagram.fblr1-5.fna.fbcdn.net&_nc_cat=111&_nc_ohc=TA5EvYdp6VkAX-nebRm&edm=AOG-cTkBAAAA&ccb=7-5&oh=00_AfDqcxoRfIHaAyJsG7YLUPlN-62rEkN3X8ytNW1KPnIDlA&oe=638FE02E&_nc_sid=282b66,false
49220632798,asmisblogs,Asmi Patil,https://instagram.fblr1-6.fna.fbcdn.net/v/t51.2885-19/278003033_680744029862812_3698116613248675498_n.jpg?stp=dst-jpg_s150x150&_nc_ht=instagram.fblr1-6.fna.fbcdn.net&_nc_cat=104&_nc_ohc=14Zv1WxBikcAX_OfKTX&tn=--Ge7KL69NO6cS5R&edm=AOG-cTkBAAAA&ccb=7-5&oh=00_AfBaYbF2DNotjk4jMdBCkWhWLruj043mUEWGaMobpUFoVQ&oe=638EF4FE&_nc_sid=282b66,false
53165730776,hasi.nisingh,,https://instagram.fkul4-4.fna.fbcdn.net/v/t51.2885-19/44884218_345707102882519_2446069589734326272_n.jpg?efg=eyJybWQiOiJpZ19hbmRyb2lkX21vYmlsZV9uZXR3b3JrX3N0YWNrX3dpdGhvdXRfZG5zX2NhY2hlX3FwbDpsaWdlcl9ub19kbnNfY2FjaGUifQ&_nc_ht=instagram.fkul4-4.fna.fbcdn.net&_nc_cat=1&_nc_ohc=v6hG0j-H7LQAX-T3lMs&edm=ANct6CgBAAAA&ccb=7-5&ig_cache_key=YW5vbnltb3VzX3Byb2ZpbGVfcGlj.2-ccb7-5&oh=00_AfC2IAC8shcjW5ZCGbw3b1NAPD3-oj8N7OpS_fTH0F4QJw&oe=638EA58F&_nc_sid=e4e9cf,false
5907896362,jayachandrannjsk,Jms Jayachandran Jsk,https://instagram.fblr1-7.fna.fbcdn.net/v/t51.2885-19/290683739_572390971275757_5266756906924169420_n.jpg?stp=dst-jpg_s150x150&_nc_ht=instagram.fblr1-7.fna.fbcdn.net&_nc_cat=101&_nc_ohc=RFxKmUCx00YAX9sgzWt&edm=AOG-cTkBAAAA&ccb=7-5&oh=00_AfDBirYmPM5u-OIqCYMGYjMlU7aCKjM6XvGQr9qjg4Y8dw&oe=638E5658&_nc_sid=282b66,false
52303774420,kopal.sr,Kopal Srivastava,https://instagram.fblr1-6.fna.fbcdn.net/v/t51.2885-19/291723200_745894909780852_5384409545138321412_n.jpg?stp=dst-jpg_s150x150&_nc_ht=instagram.fblr1-6.fna.fbcdn.net&_nc_cat=104&_nc_ohc=NrXFz9NTyW0AX9UfTwG&edm=AOG-cTkBAAAA&ccb=7-5&oh=00_AfA5bMSU4ACSGcsOi_GHbtVrEw089eTiqSZ2_NGqNbMPXQ&oe=638FEFB3&_nc_sid=282b66,false
51040302041,travelportraitss,Seema H,https://instagram.fblr1-5.fna.fbcdn.net/v/t51.2885-19/310614803_2992946184329099_1010941372185538338_n.jpg?stp=dst-jpg_s150x150&_nc_ht=instagram.fblr1-5.fna.fbcdn.net&_nc_cat=111&_nc_ohc=qkrHeg1UnFUAX_DItQw&edm=AOG-cTkBAAAA&ccb=7-5&oh=00_AfDSXKes3YcrdBJwcNX1LfomxAsJEZM-hKkWZTvpZqodLQ&oe=638FA72D&_nc_sid=282b66,false
9044373042,shagun.srivastava1202,—ï–ΩŒ±gœÖŒ∑,https://instagram.fblr1-6.fna.fbcdn.net/v/t51.2885-19/273802793_1102261757229148_1146302654357922543_n.jpg?stp=dst-jpg_s150x150&_nc_ht=instagram.fblr1-6.fna.fbcdn.net&_nc_cat=104&_nc_ohc=kpgY9Q5gGTYAX9mME_I&edm=AOG-cTkBAAAA&ccb=7-5&oh=00_AfAqQbednpKCYQSQEKMiHlgyLmo3pAveRY0Fowot64HJhg&oe=638EA30F&_nc_sid=282b66,false
2093231592,yarn.spinning.wanderer,Yarn Spinning Wanderer,https://instagram.fblr1-5.fna.fbcdn.net/v/t51.2885-19/40785511_262731794574970_1669548784041852928_n.jpg?stp=dst-jpg_s150x150&_nc_ht=instagram.fblr1-5.fna.fbcdn.net&_nc_cat=110&_nc_ohc=k63ySy4UCCkAX9UADWX&edm=AOG-cTkBAAAA&ccb=7-5&oh=00_AfDhZEtKCdzdl--lAS-k7YLEPCzcV9GFVptbwrLSoL2sfQ&oe=638F85EA&_nc_sid=282b66,false
53302227388,fans_tella,,https://instagram.fblr1-7.fna.fbcdn.net/v/t51.2885-19/279467661_363676685788602_7608187843421061000_n.jpg?stp=dst-jpg_s150x150&_nc_ht=instagram.fblr1-7.fna.fbcdn.net&_nc_cat=106&_nc_ohc=5TFT3OMoTGEAX8-emoK&edm=AOG-cTkBAAAA&ccb=7-5&oh=00_AfCL1XSQPxhkQuov2rihL0QvskxGJcwWWLZzpbWJBcS8Nw&oe=638E6056&_nc_sid=282b66,false
53118676171,vivek_201o,,https://instagram.fblr1-5.fna.fbcdn.net/v/t51.2885-19/279525840_165684919236567_3215967508418018930_n.jpg?stp=dst-jpg_s150x150&_nc_ht=instagram.fblr1-5.fna.fbcdn.net&_nc_cat=103&_nc_ohc=yOVGE5-q7swAX_giDOv&edm=AOG-cTkBAAAA&ccb=7-5&oh=00_AfDci6FRTBnFCzNdn4Ms68cVKsqCsr6EbBwt8jUdnjUeDw&oe=638EA98D&_nc_sid=282b66,false
