classicamaira|1
x_harshul_x|0
_krishnamynibandhe.music_|1
benedictxthomas|1
writeharsh|1
dev.goyel08|1
harshiniiii_c|1
dance.n_drill|1
jia_s07|1
radha.kode|1
diyaxmittal|0
human_dax_9|0
jiya_vora_12|0
pranika.vardhan|0
_nandanair|0
batrickpateman_|0
jashhyyy|0
_harithareddyy_|0
_arnav.exe|0
that_weird_gurl1408|0
sree_scv99|0
notkuhu|0
mataio_69|0
_annora_08|0
nayanika_anoop|0
kopal.sr|0
morokensuke|0
harsh.dilip|0
vivanshah_45|0
keshav_ded|0
vindhya_1444|0
_divitshah16|0
hithashalakshman|0
_abhahumbarwadi|0
tanyanair._|0
shenilepcha|0
devadasvsn|0
chisa_shimada|0
tow_ben|0
nideeshhh23|0
pin_pinxv|0
neo2ice|1
nivi__4|0
being_unique264|0
4444phurpa88888|0
santhoshdhan__|0
seoyyn_|0
laila_.williams_|0
its_parzival_btw|0
ellniewashere|0
the.o.door_e_|0
kkeerthi_0|0
youusetocallme.__|0
milo_w12|0
akshara.bhat|0
rabea.jw|0
stonehill_intl_confessions|0
arushdalmia|1
gwh_intl_confessions|-1
shaurya_verma_2209|-1
hannahx_188|0
dhwani_kohli|-1
pavaniii__09|-1
fwjanya|-1
_arya_511|-1
shagun.srivastava1202|-1
vyasv06|-1
nikilesh_11|-1
__.riana.__4637|-1
brunda.konakondla|-1
its.s1mone|-1
ortira_yor|-1
cynicalbrunette|-1
shaun_nerella_2005|-1
mihir_dasgupta|-1
diyak8|-1
anwesha_soneja|-1
ghosh_25601|-1
navyamehrotra____|-1
vedant_tiwari2010|-1
ft.maanuu|-1
adk7712|-1
anuradha_k10|-1
anxrudh._|-1
ai_saishi|-1
niteesh_thupili|0
p4th4k_|0
anshu.exe|0
anixie_27|0
roberto_ezrah|0
fish_frai|0
thehuntsmanofaurodon2|0
anvitahaswormsforbrains|0
munner123456|1
samhithaha_|0
trishaa.sinha|0
siyamittal_|0
simranbhargava28|0
sarjjanii|0
arushighosh06|0
suhanimadan_|0
eva_rose30|0
eva0287e|0
_bhumikarai_|0
arnavchandra21|0
wizardaum|-1
b.yashvi__|0
viswa.0107|0
anvita.gif|0
raima.nanda|0
farhn_0405|0
bihan_das_|0
snvye_|0
aahanas15|0
roshni.darira|0
_nairit0420|0
priyankaa.garg|0
pratyush__6|0
mahekxox|0
sreeja_th0taa|0
marcag._|0
lxke.fr|0
x.vanssss.x|0
alishaaa.23|0
itchykneesa|0
parthib_5439|0
ishitta.i|0
amalsony5|1
aditi.parthan|1
samridhi__p|1
adrika.n|1
pavithra.velliyatt|1
_suryaganesh_|1
nityaaav|1
nitya_ganapathy|1
devikaa21|1
mithun_makam|1
sharrvariii|1
vansh_abrol11|1
rahole.p|1
dhanin_r19|1
kalpita1545|1
doessrishcare.no|0
sxnjjjjjj|1
djgiselle_|1
b.sai_sahithi|0
shrxxyap_|0
adzity|0
itsme_drishti05|0
madhulika_1237|0
pranavsanjai_|1
prachi_merchant05|0
_.gauri23|0
deepal_deleena|0
priyansh_thakkar2005|1
surabhi_kashyappp|0
trisha_chatterjee_04|0
vedika0805|0
ishxxnm|0
zsrish|0
ssumanth_k|0
manu_halapeth11|0
_arwaaaaaa_05|0
darthsinchana|0
arinjay_aangiras|0
rlrexists|0
satueek|0
__.esha.___|0
mochismanggae|0
abhisarika_17|0
_____.seth|0
shlokzee|0
joash12_|0
kemosabesiddyreturns|0
rj_ds_|0
sreyasmochi|0
vyomvirani|0
kyrasingh._|0
adityaraju.256|0
ruchioiii|0
_.umairrrrrr|0
raghav_m6|0
pranav19_|0
sriram_seshadri1|0
rishit.2308|0
vedikaa.j|0
palakxox|0
myra_bhatiaa|0
nan.narkar__|0
aditya.79_|0
justsiriwithkeys|1
krishnamy_101306|0
anoushxa|0
roshhnni|0
_owngalaxy|-1
im_sushank_mxc|1
jananiprabakaran|0
notsupreeth|0
adithya_alan|0
harshitha_rao3|0
shrekwithoutthek|0
pratyushh_k|0
srikareddyp|0
aadixtya|0
vedantv___|0
akshar039|0
vasanthgogineni|0
its_aav_innit|0
nikhilsarathy|0
prabruv|0
satvik.suresh|0
_shrinithi_|0
aanchall2|0
reyansh_ashok|0
ouseph_tm|0
jasmine_7186|0
naman_if_u_no_me|0
vansh_gupta_7|0
dhritirajan|0
hari_723|0
d._h._m._e|0
ayush_urs11|0
khwaishsethiya|0
avaneesh373|1
rhea_8541|-1
harshitha_v6|-1
keerthan7114|-1
_hurry_haran_|-1
__rachelmathew__|-1
_akshaaaat_|-1
